1987,1,31,0,0,0,0,0,0,0,0,0,0,0,0,0.08,0.26,0,1.34,0.62,0,0,0,0.31,0,0,0,0,0,0,0,0,0,0, 
1987,2,28,0.18,0,0.06,0,0.48,0,0,0,0,0,0,0,0,0,0.4,0,0,0,0.19,0.56,0,0,0,0.42,1.19,1.48,0.01,0,0,0,0, 
1987,3,31,0,0,0,0,0,0,0,0,0,0,0.58,0,0,0,0,0,0.08,0,0,0,0,0,0.12,0,0,0,0,0.05,0,0,0, 
1987,4,30,0,0,0,0,0,0,0.03,0,0,0,0,0,0,0,0,0,0,0,0,0,0,0,0,0,0,0,0,0,0,0,0, 
1987,5,31,0,0,0,0.01,0,0.3,0,0,0.47,0,0.2,0,0,0,0,0,0,0,0,0,0,0,0,0,0,0,0,0.09,1.38,0,0.15, 
1987,6,30,0.3,0,0.36,0.29,0.06,0,0.15,0.95,1.81,0.01,1.43,0,0,0.07,0,0,0,0.02,0,0,0,0,0,0,0,0.45,0,0,0,2.01,0, 
1987,7,31,0,0,0,0,0,0,0,0.74,0.67,0.01,0,0,0,0,0,0,0,0,0,0,2.55,0,0,0.45,0,0.2,0.35,0.02,0,0,0, 
1987,8,31,0,0,0,0,0,0,0,0,0.57,0,0,0,0,0,0,0,0,0,0,0,0,0,0,0,0,0,0,0.2,0.37,2.58,0.01, 
1987,9,30,0.14,0,0,0,0,0,0,0.01,0,0,0.18,0,0,0,0,0,0,0,0.95,0,0,0,0,0,0,0,0,0.44,0,0,0, 
1987,10,31,0,0,0,0,0,0,0,0,0,0,0,0,0,0,0,0,0,0,0,0,0,0.1,3.85,0,0,0,0,0,0,0,0, 
1987,11,30,0,0,0,0,0,0,0,0,0.76,0,0,0,0.03,0,0.05,0.68,0,0,0,0,0,0,0,0,2.51,0,0.2,0,0,0,0, 
1987,12,31,0,0,0,0,0,0.08,0,0,0,0,0,0,0,0,0,0,0,0.02,0.11,0.03,0.14,0,0,0.01,0,0.11,0.03,0,0,0,0, 
1988,1,31,0.07,0.3,0,0,0,0,0,0,0.01,0,0,0,0,0,0,0.38,0.01,0,0,0,0,0,0,0,0,0,0,0,0,0,0, 
1988,2,29,0,0,0,0.22,0.49,0.03,0.13,0,0.31,0.01,0,0,0,0.03,0,0,0,0.08,0,0,0,0,0,0,0,0,0,0,0,0,0, 
1988,3,31,0,0.22,0.04,0,0,0,0,0.12,0,0,0,0,0,0,0,0.17,0,0.5,0,0,0,0,0,0,0,0,0,0,0.09,0.1,0.08, 
1988,4,30,0.05,0,0,0,0,0,0,0.22,0.25,0.15,0,0,0,0,0,0.08,0,0.85,0,0,0,0,0,0,0,0,0,0,0.01,0.7,0, 
1988,5,31,0,0,0,0,0,0,0,0,0,0,0,0.38,0,0,0,0,0,0,0,0,0.15,0,0,0,0,0,0,0,0,0,0, 
1988,6,30,0,0,2.15,0,0.05,0,0,0,0,0,0,0,0,0,0,0,0,0,0,0,0,0,0,0.16,0,0,0,0,0,0,0, 
1988,7,31,0,0,0,0,0,0,0.1,0,0,0,0,0,0,0,0,0,0,0,0,2.19,0,0.66,0,0,0,0,0,0,0,0,0, 
1988,8,31,0.09,0.15,0,0,0,0,0,0,0,0,0,0,0,0,0.03,0,0,0.96,0,0,0,0,0,0,0,0,0,0,0,0,0, 
1988,9,30,0.14,0.62,0,0,0,0,0,0,0,0,0,0.08,0,0,0,1.38,0,0,0.03,0,0,0,0,0,0,0,0,0,0,2.06,0, 
1988,10,31,0,0,0,0,0,0,0,0,0,0,0,0,0,0,0,0,0,0,0,0,0,0,0,0,0,0,0,0,0.17,0,0.28, 
1988,11,30,0,0,0,0,0,0,0,0,0,0,0,0,0,0,0,0.04,0,0.11,0,0,0,0,0,0,0,0,0,0,0,0,0, 
1988,12,31,0,0,0,0,0,0,0,0.02,0.03,0,0.11,0,0,0,0,0,0,0,0,0,0,0,0.28,0,0.02,0,0,0.04,0,0.04,0, 
1989,1,31,0,0.01,0,0,0,0,0,0,0,0.47,0,0,0.28,0.06,0,0,0,1.01,2.47,2.2,0,0,0,0,0.33,0,0.01,0,0.23,0.04,0, 
1989,2,28,0,0,0.34,0,0,0.08,0,0,0,0,0.14,0,0,0,0.02,0,0,0,0,0.01,0,0,0,0,0,0,0,0,0,0,0, 
1989,3,31,0,0.01,0,0,0,0,0,0,0,0,0,0,0,0,0,0,0,0,0,0.24,0.18,0.01,0,0,0,0,0,0,0.02,0,0, 
1989,4,30,0,0,0,0,0,0,0,0,0,0.37,0.03,0,0.27,0.26,0,0,0,0,0.32,0,0,0,0,0,0,0,0,0.21,0,0.51,0, 
1989,5,31,0,0,0,0,0,0,0,0,0,0,0,0,0,0.04,0,0,0,0.18,0,0,0,0,0,0,0,0,0,0,0,0,0, 
1989,6,30,0,0,0,0,0,0,0,1.07,0,0,0.03,0,0,1.55,0,0,0,0,0,0,0,0,0.62,1.59,0.8,0.39,0,0,0,7.31,0, 
1989,7,31,0.06,0,0,0,0,0.04,0.01,0.02,0,0,0.16,0,0,0,0,0,0,0,0,0,0,0,0,0.06,1.06,0.02,0.79,0,0,0,0, 
1989,8,31,0,0,0,0,0,0,0,1.43,0,0,0,0,0,0,0,0,0,0.1,0,0,0,0,0,0,0,0,0,0,0.04,0.07,0, 
1989,9,30,0,0,0,0,0.53,0.31,0.4,0,0,0,0,0.04,0,0,0,0,0,0,0,0,0,0,0,0,0,0,0,0,0,0,0, 
1989,10,31,0,0,0,0.24,0,0,0,0,0,0,0,0,0,0,0,0,0,0,0,0,0,0,0,0,0,0,0,0,0,1.25,0, 
1989,11,30,0,0.04,0,0,0,0.33,0,0,0,0,0,0,0,0,0,0,0,4.45,0.81,0,0,0,0,0,0,0,0,0,0,0.03,0, 
1989,12,31,0.07,0.69,0,0,0,0,0,0.28,0,0,0,0,0,0,0,0,0,0,0,0,0,0,0,0,0,0,0,0.16,0,0,0, 
1990,1,31,0,0,0.01,0,0,0.39,0.39,0,0,0,0,0,0,0,0,0,0,0.03,0,0.21,0,0,0.07,0,0,0,0,0.47,0.14,0,0.01, 
1990,2,28,0,0,0.01,0,0,0,0,0,0,0,0,0,0,0,0,0.74,0,0,0,0,3.22,0,0,0,0,0,0,0.04,0,0,0, 
1990,3,31,1.82,0,0,0,0,0,0.02,0,0,0,0.01,0,0,0.08,0,0,0,0,0,0,0,0,0,0,0,0,0,0.08,3.22,0.22,0, 
1990,4,30,0,1.02,0,0,0,0.06,0,0,0,0.38,0.37,0,0.15,0,0,0,0,0,0,0,0,0,0,0,0,1.01,0,0,0,0,0, 
1990,5,31,0,0,1.1,0,0.4,0,0,1.15,0,0,0,0,0,0,0,0,0,0,0,0,0,0.82,0,0,0,0,0,0.25,0,0,0, 
1990,6,30,0,0,0,0,0,0,0,0,0,0,0.06,0,0,0,0,0,0,0,0,0,0,0,0,0,0,0,0,0,0,0.41,0, 
1990,7,31,0.01,0,0,0,0,0,0.32,0,0,0,0.05,0,0.09,0,0,6.45,4.4,0.96,0,0,0,0.08,0,0.2,0,0,0,0,0,0,0, 
1990,8,31,0,0.03,0,0,0,0,0,0,0.03,0,0,0,0.76,0,0,0,0,0,0,0,0,0,0,0,0,0,0,0.12,0.03,0,0, 
1990,9,30,0,0,0.4,0,0,0,0.35,0,0.03,1.25,0.14,0.33,0,0,0,0,0,0,0,0,0,0,0,0,0,0,0,0,0,0,0, 
1990,10,31,0,0,0,0,0,0,0,0,0.18,0,0,0,0,0,0,0,0,0,0,0,0.13,0.37,0,0,0,0,0,0,0,0,0, 
1990,11,30,0,0,0,0.2,0,0,0,0.24,0.13,0,0,0,0,0,0,0,0,0,0,0,0,0,0.85,0,0,0,0,0,0,0,0, 
1990,12,31,0,0,0.01,0,0,0,0,0,0,0,0,0,0,0,0,0,0,0.04,0,0,0,0,0,0,0,0,0.9,0,0,0.11,0, 
1991,1,31,0.17,0.08,0,0.18,0,0.11,0,0.33,1.31,0.7,0,0,0,0,0.35,0,0,0.93,0,0,0,0,0.04,0,0,0,0.45,0,0,0,0, 
1991,2,28,0,0,0,1.05,0,0,0,0,0,0,0,0,0,0,0,0.48,0,0,0.02,0,0.19,0,0,0,0,0.05,0.02,0.05,0,0,0, 
1991,3,31,0.21,0,0,0,0,0,0,0,0,0,0,0,0,0,0,2.15,0.06,0,0,0,0,0,0,0,0,0,0,0,0.58,0,0, 
1991,4,30,0,0,0,0,4.2,0,0.48,0,0,0,0,0,0,0.13,0,0,0,0,0,0.03,0,0,0,0,0,0,0,0,0,0,0, 
1991,5,31,0,0.29,0,0,0,0,0,1.03,0,0,0,0,0,0,0,0,0.36,0.81,0,0.11,0,0.22,0.02,0.52,0,0,0,0,0,0,0, 
1991,6,30,0.02,0,0,0,0,0,1.35,2,0.86,0,0,0,0,0.75,0.28,0,0.14,0,0,0.1,0,0,0,1.31,0.06,0,0,0,3.37,0.07,0, 
1991,7,31,0,0,0,0,0,0,0.15,0.06,0,0,0,0,0,0,0,0,0,0,0,0,0,0.07,0,0,0,0,0,0,0,0,0, 
1991,8,31,0,0,0,0,0.31,0,0.04,0,0,0,0,0,0,0,1.32,0,0.05,0,0,0,0,0,0.41,0.46,0,0,1.41,1.52,0,0,0, 
1991,9,30,0.8,0,0.43,0,0.93,3.81,0.22,0.02,0,0,0.25,0.03,0.04,0.01,0.01,0,0,0,0.04,0,0,0.07,0.46,0,0.39,0,0,0,0,0,0, 
1991,10,31,0,0.22,0,0,0,0,0,0,0,0,0,0,0,0,0,0,0,0,0,0,0,0,0,0,0,0,0,0,0,6.5,0.08, 
1991,11,30,0.01,0,0,0,0,0,0.58,0,0,0,0,0,0,0,0,0,3.49,0,0.02,0,0,0,0,0,0,0.17,0,0,0,0,0, 
1991,12,31,0.15,0.02,0,0,0,0,0,0,0.34,0,0,0,0.07,0.01,0,0,0.25,0.77,0.24,0.01,1.15,2.2,0.05,0,0,0.66,0.01,0,0,0,0, 
1992,1,31,0,0,0,0.01,0.46,0.03,0.06,0.18,0.03,0.2,0.03,0,0.03,0,0,0,0.1,2.16,0.02,0,0.07,0.05,0,0,0.02,0.92,0.5,0,0,0,0, 
1992,2,29,0,0.98,1.61,1.52,0.1,0,0,0,0,0,0.07,0,0,0,0.05,0,0.09,0,0,0.01,0,1.22,0.01,0.72,0.46,0,0,0,0,0,0, 
1992,3,31,0,0,0.02,0.07,0,0,0,0.01,0,0,0,0,0,0,0,0,0,0.11,0,0,0.03,0.02,0,0,0,0,0.39,3.46,0.84,0,0, 
1992,4,30,0,0.46,0.72,0,0.63,0,0,0,0,0,0,0,0,0,0.05,0,0.78,0.4,0,0.08,0,0,0,0,0.01,0,0,0,0,0,0, 
1992,5,31,0,0,0,1.78,0,0,0,0,0,0,0,0,0,0,1.68,0.03,2,0.01,0,0.13,0,0,0,0,0,0,0,0,0.01,0,1.93, 
1992,6,30,0.27,0.92,0,0,0,0,1.05,0,0.05,0,0,0,0,0,0,0,0,0,0,0,0,0,0,0,0,0,0,0,0,0,0, 
1992,7,31,0,0,0.04,0.34,0,0,0,0,0,0,0.01,0,0,0,0,0,0,0,0.93,1.58,0.07,0,0,0.02,0,0,0,0,0,0,0, 
1992,8,31,0,0,0.12,0,0,0,0,0,0.03,0,0,0.14,2.45,0.04,1.2,0,0,0,0,0,0,0,0,0,0,0,0,0,0,0,0.18, 
1992,9,30,0,0,0,0,0,0,0,0,0,0,0.01,1.43,0.82,0.45,0.08,0.53,0,0.26,0,0,0.01,0.27,0.27,0,0,0,0,0,0,0,0, 
1992,10,31,0,0,0,0,0,0,0,0.01,0,0,0,0,0,0,0,0,0.67,0,0,0,0,0,0,0,0,0,0,0,0,0,0, 
1992,11,30,0.82,0,0,0,0,0,0,0,0,3.79,0.07,0.16,0,0.01,0,0,0.05,0,0.15,1.04,0.25,0,0.09,0,0,0,0.02,0,0,0,0, 
1992,12,31,0.09,0,0,0,0.1,0.01,0,0.19,0.31,0,0,0,0.04,0.71,0.66,0,0,0,0.02,0.05,0.01,0,0,0,0,0,0,0,0,0.12,0, 
1993,1,31,0.01,0,0,0.1,0,0,0.7,0,1.16,0,0,0,0,0,0,0,0,0,0,0.52,0,0,0,0.02,0,0,0,0,0.27,0.01,0, 
1993,2,28,0,0.16,0.36,0.01,0.06,0,0.04,0,0.52,10.73,0,0,0,0,0,0.03,0,0,0,0,0,0,0,0,0.6,0,0,0.04,0,0,0, 
1993,3,31,0.23,0.22,0,0,0.08,0,0,0,0,0,0,4.74,0.02,0,1.44,0.01,0,0,0,0,0,0,0.2,0.1,0,0,0,0,0,1.01,0, 
1993,4,30,0,0,0,0.5,0,0,0.2,0.58,0,0,0,0,0,0.02,0,0,0,0,0,0,0,0,0,0,0,0,0,0,0.38,0.25,0, 
1993,5,31,0.71,0.15,0,0,0.12,1.52,0,0,0,0.02,0,0,0,0,0,0,0,1.52,0,0,0,0,1.87,0.44,0.03,0,0.03,0.15,0.07,0.52,0.08, 
1993,6,30,0,0,0,0,0,0,0,0,0,0.66,0.15,0.21,0.35,0,0.41,0,0,0,0.88,0.89,0.25,0.02,0,0,0,0.15,0,0,0,0,0, 
1993,7,31,0,0,0,0,0,0.02,0.04,0,0,0,0,0,0,0,0,0.03,0,0,0,0,0,0,0,0,0,0,0,0,0,0,0.01, 
1993,8,31,0,0,0,0,0,0,0,0,0,0,0,0,0,0,0,0,0,0,0,0,0,0,0.25,0,0,0,0,0,0,0.04,0, 
1993,9,30,0.02,0,0,0,0,0.8,0,0,0,0,0.06,0,0.25,0,0,0,0,0.01,0.16,0,0.01,0.04,0.01,0,0,0,0.26,0,0,0,0, 
1993,10,31,0,0,0,0,0,0,0,0,0,0.01,0,0.06,2.02,0,0,0,0,0,0,1.16,1.17,0,0,0,0,0,0,0,0.05,0,0, 
1993,11,30,0,0,0.37,0,0,0,0,0.3,0.03,0,0,0,0,0,0,0.86,0,0,0,0,0,0,0,0,0,0.18,0,0,0,0,0, 
1993,12,31,0,0,0,0.15,0,0,0,0.25,0,0,0,0,0,0,0,0,0,3.98,0.2,0,0,0.31,0,0.1,0,0,0,0,0.73,0.02,0, 
1994,1,31,0.03,0,0,0,0,0,0,0,0,0,0,1.74,0.6,0,0,0,0,0,0,0,0,0,0.01,0.04,0,0,0,0,0.01,0,0, 
1994,2,28,0.11,0,0,0.06,0,0,0,0,0.04,0.5,0,0,0,0,0.01,0.03,0,0,0,0,0,0.01,0.47,0,0,0,0,0.11,0,0,0, 
1994,3,31,0.01,0,0,0,0,0,0,0,0.45,0,0,0,0.03,0,0.18,2.16,0,0,0,0,0,0,0,0.03,0,0,0.02,0,0,0,0, 
1994,4,30,0,0,0,0,0,0.34,0,0,0.01,0,0,0.08,0,0,0,0.45,0,0.12,0,0.05,0,0,0,0,0,0,0,0,0,1.05,0, 
1994,5,31,0.02,0.2,0,0,0,0,0,0,0,0,0,0,0,0.15,1.65,0,0.17,0,0,0,0,0,0,0,0,0,0,0,0,0.42,0, 
1994,6,30,0.68,0,1.5,0,0,0.3,0,0,0,0.96,0,0.12,0,0,0.05,0,0,0,0,0.02,0.46,0.1,0,0,0,0,0,0,0,0,0, 
1994,7,31,0,0,0,0,0,0,0,0,0.43,0,0,0,0,0,0,0,0,0,0,0.07,0,0,0,0,0,0,0,0,0,0,0.12, 
1994,8,31,0,0,0,0.19,0.52,1,0,0,0,0,0,0,0.58,0,0,0,0,0,0,0,0,0.01,0,0,0,0,0,0,0.45,0.09,0.21, 
1994,9,30,0.14,0,0,0,0,0.05,0,1.42,0.82,2.61,0,0.72,0.44,0.24,0,0,0,0,0,0,0,0,0,0,0,0,0,0,0,0,0, 
1994,10,31,0,0,0,0,0,0.07,0,3.95,0,0,0,0,0,0,0.17,0,0,0.2,0.02,0,0,0,0,0,0.1,0,0.21,0,0,0,0, 
1994,11,30,0.37,0,0,0,0.05,0,0,0,0,0.14,0,0,0,0,0,0,0,0.07,0,0,0,0,0,0,0,0,0,0,0,0,0, 
1994,12,31,0,0.48,0.3,0,0,0,0,0,0,0.17,0,0,0.02,0,0,0,0.02,0,0,0,0,0,0,0,0,0,0,2.98,0,0,0.57, 
1995,1,31,0,0,0.19,0,0,0.03,0,0,0,0,0,0,0,0,0,0,0.29,0.09,0,0,0,0,0,0,0.08,0.51,0.02,0,0,0,0, 
1995,2,28,0,0,0,0,0,0,0,0,0.07,0,0,0,0.24,0.27,0.01,0.05,0.43,0,0,0,0,0,0,0,1.12,0.07,0,0,0,0,0, 
1995,3,31,0,0,0.06,0.04,0.02,0,2.45,0,0,0,0,0,1.7,0,0,0,0,0,0,0,0,0,0,0,0,0,0.12,0.15,0.18,0.04,0.02, 
1995,4,30,0,0,0,0.93,0,0,0,0,0,0.01,0,0,0,0,0,0,0,0,0,0.16,0,0,0.85,0,0,0,0,0,0,0,0, 
1995,5,31,0,0,0,0,0,0,0,0.35,0,0,0,0,0,0,0,0,0,0.14,0,0,0,0,0,0,0,0,0.18,0,2.64,1.4,0.1, 
1995,6,30,0.01,0,0,0,0.06,0,0,0,0,0.01,2.2,0,0,0,0,0,0,0.12,0.1,0,0,0,0,0,0,0,0,0,2.1,0,0, 
1995,7,31,0,0,0,1.16,0,0,0,0,0,0,0,0,0,0,0.02,0,0,0,0,0,0,0,0,0,0,0,0,0,0,0,0, 
1995,8,31,0,0,0,0,0,0,0.08,0,0.03,0.42,0.2,0.8,0.16,0.08,0.05,0,0,0,0.02,0,0,0.04,0.02,0.06,0,0.19,0,0,0,0,0.34, 
1995,9,30,0,0,0,0,0,0,0,0.01,0,0,0,0,0,0,0,0.01,0.05,0.06,0,0.25,0.16,0.56,0,0.01,0,0,0,0,0,0,0, 
1995,10,31,0.03,0.01,0.91,0,0,0,0,0,0,0,0,0,0.15,0,0,0,0,0,0,0,0,0,0,0,0,0,0,0.1,0.2,7,0, 
1995,11,30,0.03,0,0.01,0.35,0,0,0,0,0,0,0,0,0,0,0,0,1.61,1.8,0,0,0,0,0,0,0,0,0,0.03,0,0,0, 
1995,12,31,0,0,0,0,0,0,0,0,0,0,0,0.03,0,0,0,0,1.65,0.1,0,0,0.19,0.45,0.01,0,0,0,0,0,0,0.02,0, 
1996,1,31,0,0.04,0,0,0,0,0,0,0,0,0,0,0,0,0,0,0,0,0,0,0,0,0,0,0,0,0,0,0,0,0, 
1996,2,29,0,0.11,0,0,0,0.1,0,0,0,0,0,0,0,0,0,0,0,0,0,0,0,0,0,0,0,0,0,0.01,0.01,0,0, 
1996,3,31,0,0,0,0,0,0,0,0,0,0,0,0,0,0,0,0,0,0,0,0,0,0,0,0,0,0.38,0.12,0,0,0,0.04, 
1996,4,30,0,0,0,0,1.52,0.11,0,0,0,0,0,0,0.01,0,0,0,0,0,0,0,0,0,0.01,0,0,0,0,0,0.29,0,0, 
1996,5,31,0,0,0,0,0,0,0,0,0,0,0,0,0,0,0,0,0,0,0,0,0,0,0,0,0,0,0,0,0,0,0, 
1996,6,30,0,0,0,0,0,0,0.1,0,0,0,0,0,0,0,0,0,0,0,0,0,0.02,0,0.98,0.87,0.1,0,0,0,0,0,0, 
1996,7,31,0,0,0,0,0,0,0,0.09,0.01,0,0,0,0,0,0,0,0,0,0,0,0,0,0,0,0.01,0.02,0,0,0,0,0, 
1996,8,31,0,0,0,0,0,0,0,0.38,0,0,0,0,0.02,0,0,0,0,0.15,0,0,0.17,0.7,0.17,1.83,0.31,1.1,0.29,0,0.32,0.08,0.26, 
1996,9,30,0.05,0,0,0,0,0,0,1.62,0.45,0.29,0,0,0,0,0.14,0,0,0.01,0.03,0.03,0,0,0,1.64,0.52,0,0,0.06,0,0,0, 
1996,10,31,0,0,0,0.21,0.16,0.05,0,0,0,0,0,0,0,0,0.12,0.47,0,0,0,0,0,0.04,0,0.16,0.01,0,0,0,0,0,0, 
1996,11,30,0,0.18,0,0,0,0,0.12,0,0,0,0,0,0,0,0,0,0,0,0,0,0,0,0,1.14,0,0,0,0,0.25,0.01,0, 
1996,12,31,0,0,0,0,0,0,0,0,0,0,0,0,0,0,0.95,0.22,0,0,0,0,0,0.02,0.06,0,0,0,0,0,0,0.31,0.01, 
1997,1,31,0.84,0.01,0,0,0,0,0.04,0.18,0,0,0,0,0,0.15,0.02,0,0,0,0.02,0.8,1.34,0.01,0,0,0,0,0,0.03,0,0,0, 
1997,2,28,0,0,0,0,0,0,0.12,0,0,0.03,0,0.34,0,0,0,0,0,0,0,0.39,0,0,0,0,0.05,0.2,0,0,0,0,0, 
1997,3,31,0,0.02,0,0,0.02,0,0,0,0,0,1.16,3.79,0,0,0,0,4.71,3.38,0.39,0,0,0,0,0,0,0.28,0,0,0,0.1,0.01, 
1997,4,30,0.29,0.1,0.77,0.14,0,0,0,0.26,0,0,0.39,0,0,0,0,0,0,0.46,0.35,0,0,0,0,0,0,0,0.54,0,0,0,0, 
1997,5,31,0,0,0,0,0,0,0,0,1.06,0.7,0.01,0,0.09,0,0,2.4,0.6,0.01,0,0.25,0,0.45,1.17,0,0,0,0,0,0,0,0.25, 
1997,6,30,0,0,0,0,0.55,0,0.35,0,0,0,0,0,0,0,0,0,0,0.15,0,0,0,0,0,0,0,0,0,0,0,0,0, 
1997,7,31,0,0,0,0,0,0,0,0,0,0,0,0,0,0,0,0,0,0,0,0.09,0,0,0,0,0,0,0.02,0,0,0,0.43, 
1997,8,31,0,1.28,0,0,0,0,0,0,0,0,0,0,0,0,0,0,0,0,0,0,0,0,0,0,0,0,0,0,0,0.12,0, 
1997,9,30,0.05,0,0.04,0.07,0,0,0.11,0,0,0,0,0.1,0,0,0,0,0,0,0,0.12,1.13,7.45,2.05,1.43,0,0,0,0,0,0,0, 
1997,10,31,0,0,0,0,0.03,0.9,0.41,0.33,2.16,0.82,4.05,0.13,2.93,0,0,0,0,0,0,0.11,0,0,0.25,0,0,0,0,0.02,0.02,0.12,0, 
1997,11,30,0,0,0,0,0,0,0,0,0.47,0.69,0,0.74,0.27,0,0.07,0.06,0,0.05,0,0,0,0,0,0,0,0,0,0.14,0.77,0,0, 
1997,12,31,0,0,0.13,0,0,0,0.13,0.12,0,0,0,0,0,0,0,0,0,0,0.28,0.35,0,0,0.2,0,0,0,0,0,0,0,0, 
1998,1,31,0,0,0,0,0.18,0.12,0.44,0.01,0,0,0,0,0.11,0,0,0,0,0,0,0,0.27,0.2,0,0,0,0,0,0,0,0,0.08, 
1998,2,28,0.49,0.55,0,0,0.05,0,0,0,0,0,0,0,0.16,0.4,0.23,0.58,0,1.4,0,0,0,0.62,0,0,0,0.07,0,0,0,0,0, 
1998,3,31,0,0,0,0.01,0,0,0,0.05,0,0,0,0,0.5,0.39,0,1.05,0,0,0,0,0,0,0,0,0,0,0,0,0,0,0, 
1998,4,30,0,0,0,0,0,0,0,0,0,0,0,0,0,0,0,0,0,0.51,0,0,0,0,0,0,0,0,0,0,0,0,0, 
1998,5,31,0,0,0,0,0,0,0,0,0,0,0,0,0,0,0,0,0,0,0,0,0,0,0,0,0,0,0,0,0,0,0, 
1998,6,30,0,0,0,0,0,0,0,0,0,0,0,0,0,0,0,0,0,0,0,0,0,0,0,0,0,0,0,0,0,0,0, 
1998,7,31,0,0,0.98,0.06,0,0,0,0,0,0,0,0,0,0,0,0,0,0,0,0,0,0,0,0,0,0,0,0,0,0,0, 
1998,8,31,0,0,0.98,0.06,0.2,0.55,0,0.01,0,0,0,0,0,0,0.21,0.35,0,0,0.25,0,0.57,3.5,1.15,0.08,0,0,0,0,0,0,0.6, 
1998,9,30,0,0,0,0,0,0.19,0,0.97,0.63,2.3,0.5,0.27,0,0,0.37,3.26,0.31,0,0,0,0,0,0,0,0,0,0,0,0,0,0, 
1998,10,31,0,0,0,0.46,2.75,0,0,0,0,0,0,0,0,0,0,0,0,2.13,3.5,0.01,0,0,0,0,0,0.16,0.2,0,0,0,0, 
1998,11,30,0.9,0,0,0,0,0.35,0.63,0.07,0,0,0,0.3,3.55,0.95,0.05,0.05,0,0,0,0.45,0,0,0,0,0,0,0,0,0,0,0, 
1998,12,31,0,0,0,0,0,0,0,0.15,0,0.23,0,0.5,0,0,0,0,0,0,0,0,0,0,0,0,0,0,0,0,0,0,0, 
1999,1,31,0.59,0.72,0,0,0,0,0,0,0,0,0,0,0,0.44,0,0,0,0,0,0,0.02,0,0,0,0,0,0,0.31,0,0.03,0, 
1999,2,28,0,0,0,0.1,0,0,0,0,0,0,0.43,0,0,0,0,0,1.3,0,0,0,0.19,0,0,0,0,0,0,0,0,0,0, 
1999,3,31,0,0,0,0,0,0,0,0,0,0,0,0,0,0,0,0,0,0,0,0.03,0,0,0,0,0,0,0,0,0,0,0, 
1999,4,30,0,0,0,0,0,0,0,0,0,0,0,0,0,0,0,0,0,0,0,0,0,0,0,0,0,0,1.25,0,0,0,0, 
1999,5,31,0,0,0,0,0,0,0,0,0,0,0,0,0.12,0,0,0,0,0.25,0,0,0,0,0,0,0,0,0,0,0.5,0.26,0, 
1999,6,30,0,0,0,0,0,0,0,0,0,0,0,0,0,0,0.03,0,0.08,0,0.05,0.08,0.6,0.08,0.07,0,0.08,0,0,0,0,0,0, 
1999,7,31,0,0,0,0,0,0,0,0.01,0,1.58,0,0,0,0,0,0,0.43,0.71,0.01,0.2,0,1.2,0,0,0,0,0,0,0,0,0, 
1999,8,31,0,0,0,0,0,0,0,0,0,0,0,0,0,0,0,0,0,0,0.04,0,0,0,3.91,1.53,0,0,0,0,0,0,0, 
1999,9,30,0,0,0,0.38,0,0,0,0,0,0,0,0,0,0,0,0,0,0,0,0,0,0,0,0,0,0,0,0.35,0.7,0,0, 
1999,10,31,0,0,0,0,0,0,0,0,0,0,0,0,0,0,0.3,0,0,0.02,0.96,0,0,0,0,0,0,0,0,0,0,0,0, 
1999,11,30,0,0,0,0,0,0,0,0,0,0,0,0,0,0,0,0,0,0,0,0,0,0,0.02,0,0,0,0,0,0.4,0,0, 
1999,12,31,0,0,0,0,0.37,0,0,0,0.01,0.01,0,0.17,0,0,0,0,0,0,0,0.5,0.38,0.01,0.01,0,0,0,0,0,0,0,0, 
2000,1,31,0,0,0,0,0,0,1.57,2.22,0.01,0.01,0.01,0,0,0,0.01,0,0,0,0,0,0,0,0,0,0,0,0.07,0.67,0.01,0.01,0, 
2000,2,29,0,0.59,0.31,0,0,0,0,0.28,0,0,0,0,0,0,0,0,0,0,0.01,0,0,0,0,0,0,0,0.02,0,0,0,0, 
2000,3,31,0,0,0,0,0,0,0,0,0,0,0.05,0,0,0,3.5,0,0,0,0.07,0,0,0.01,0,0,0,0,0,0,0,0,0, 
2000,4,30,0,0,0.64,0,0,0,0,0,0,0.16,0,1.13,0.15,0,0,0,0,0,0,0,0,0,0,0,0,0,0,0,0,0,0, 
2000,5,31,0,0,0.25,0.01,0,0,0,0,0,0,0,0,5.6,0.5,0.01,0,0,0,0,8.8,0,0.01,0,0,0,0,0,1.8,0,0.02,0, 
2000,6,30,0,0,0,0,0.01,0,0,0.05,0.08,0.06,4.9,0,0,0.01,0,1.2,0,2.3,0,0,0,0,0,0,0,0,0,0,0,0,0, 
2000,7,31,0,0,0,0,0,0,0,0,0,0,0,0,0,0,0,0,0,0,0,0,0,0,0,0.17,0,0,0,0,0,0,0, 
2000,8,31,1.51,0.01,0,0,0.35,0,0,0,0,0,0,0,0,0,0.51,0.31,0,0,0,0,0,0,0.22,1.43,0,0,0,0,0,0,0, 
2000,9,30,0,0,0,0,0,0,0,0,0.05,0,0,0,0,0,0,0,0,0,0.91,0,0,0,0,0,0,0.89,0,0,0,0,0, 
2000,10,31,0,0,0,0,0,0.04,0,0.28,0.54,0.52,0.05,0,0,0,0,0,0,0,0,0,0,0,0.67,0.28,0.01,0,0,0,0,0.26,0, 
2000,11,30,0,0,0.37,0.12,0.49,1.25,0,0,0,0,0,0,0.27,0,0,0.12,0.52,1.09,0.57,0.01,0,0,0,0.63,0,0,0.01,0,0.08,0,0, 
2000,12,31,0,0.35,0,0.04,0.23,0,0,0,0,0,0.04,0,0,0,0.02,0.03,0,0.01,0,0,0,0,0,0.24,0,0.62,0.81,0.01,0,0,0, 
2001,1,31,0,0,0,0.01,0,0,0,0.05,0,0.3,2.72,0.02,0,0.05,0,0.23,0.19,0.43,0.25,0,0,0.01,0,0,0,0,0,0,0.07,0,0, 
2001,2,28,0,0.07,0.04,0,0,0,0,0,0,0.04,0,0,0.25,0.03,0,0.02,0,0,0,0,0.01,0.01,0.03,0,0,0.01,0,0,0,0,0, 
2001,3,31,0.07,0.21,0.3,0.01,0,0,0,0,0,0,0,0,0,0.03,0.05,0,0,0,0,0.02,0,0,0,0,0,0,0,0.74,0.25,0,0, 
2001,4,30,0,0,0,0,0,0,0,0,0,0,0,0,0.06,0,0,0,0,0.06,0,0,0,0,0,0,0,0,0,0,0,0,0, 
2001,5,31,0,0,0,0,0.13,0.01,0.53,0,0,0,0,0,0,0,0,0,0,0,0,0,0,0.27,0,0,0,0,0,0,0,0,0, 
2001,6,30,0,0,0,0,0.15,0,0,0.17,0.19,0.11,0,0,0,0,0.33,0,0,0,0,0.04,0,0.53,0,0,0,1.1,0,0,0,0,0, 
2001,7,31,0,0,0.95,0,0,0,0,0,0,0,0,0,0,0,0,0,0,0,0.1,0,0,0,0,0,0,1.24,0.03,0,0,0,0.01, 
2001,8,31,0,0,0.05,0.13,0,0,0,0.3,0,0,0,0,0,0,0,0,0,0,0,0,0,0,0,0,0,0.03,0.01,0.39,3.46,1.45,1.43, 
2001,9,30,1.75,0,0,0,0,0.21,0.24,0,0.42,0,0,0,0.62,0,0,0,0,0,0,0,0,0,0,0.03,0,0,0,0,0,0,0, 
2001,10,31,0,0,0,0,0.04,2.1,0.01,0,0,0,0,0.57,0.64,0.05,0,0,0,0,0,0,0,0,0,0,0,0,0,0,0,0,0, 
2001,11,30,0,0,0,0.06,0,0,0,0,0.02,0,0,0,0,0,0.3,3.26,1.82,0.01,0,0,0,0,0.03,0,0,0,1.24,0,0.27,0.02,0, 
2001,12,31,0,0.08,0.09,0,0,0.02,0,0.02,0,0,0.61,0,0,0,0,0,0,0,0.36,0,0,0,0,0,0,0,0,0,0,0,0, 
2002,1,31,0,0,0,0,1.38,0,0,0,0,0,0,0,0,0,0,0,0,0,0.07,0,0,0,0,0,0.02,0,0,0,0,0,0, 
2002,2,28,0,0.03,0,0,0.2,0.25,0.04,0,0,0,0,0,0,0,0,0,0,0,0,0,0,0.4,0,0,0,0,0,0,0,0,0, 
2002,3,31,0.34,0,0,0,0,0,0,0,0,0.05,0,0.04,0,0,0,0,0,0,0,0.08,0,0,0,0,0,0,0,0,0,0,0, 
2002,4,30,0,0,0,0,0,0,0,0.17,0,0,0,0,0,0,0,0,0,0,0,0,0,0,0,0,0,0,0,0,0,0,0, 
2002,5,31,0,0,0,0,0,0,0,0,0,0,0,0,0,0,0,0,0.73,0,0,0,0,0,0,0,0,0,0,0,0,1.36,0, 
2002,6,30,0,0,0,0,0,0,0,0,0,0,0,0,0,0,0,0,0,0,0,0,0,0,0,0,0,0.1,0.38,0.01,0,0,0, 
2002,7,31,3.2,0.05,0,0,0,0,0,0,0.01,0,0,0,0,0,0,1.52,1.09,0,0,0,0,0,0,0,0,0,0,0,0,0,0, 
2002,8,31,0,0,0,0,0,0,0,0,0.02,0,0,0.22,0.04,0.02,2.97,0.02,0,0,0,0,0,0,0,0,0,0,0,0.11,0,0,0, 
2002,9,30,0,0,0,2.35,1.1,0,0,1.86,0.58,1.57,0.11,0,0,0,0.88,2.89,0.77,0.49,0,1.89,0,0,0.05,0,0,0,0,0,0,0,0, 
2002,10,31,0,0,0,0,0,0.95,0,0.27,1.35,0,0,0,0,0,0,0,0,0,0,0.49,0,1.39,1.7,0,2,0.4,0.58,0,1.82,0,0, 
2002,11,30,0,0.2,0.36,7.4,0.93,0,0,0,0,0,0,0,0,0,0,0,0,0,0,0,0,0,0,0,0,0,0,0,0,0,0, 
2002,12,31,0,0,0,0,0,0,0,0.25,0.74,1.47,0.13,0.6,0.8,0,0,0,0,0,0,0,0,0,0.14,0,0,0,0,0,0,0,0, 
2003,1,31,0.59,0,0,0,0,0,0,0,0,0,0.07,0.8,0.51,0,0,0,0,0,0,0,0,0,0,0,0.06,1.55,0.09,0,0.11,0,0, 
2003,2,28,0,0,0,0,0,0.04,0.02,0.2,0,0.05,0,0,0.02,0,1.25,0.33,0,0,0,0,0.4,0.18,0,0,0,0,0.05,0,0,0,0, 
2003,3,31,0,0.03,0.1,0.12,0.02,0,0,0,0,0,0,0.02,0.01,0,0,1.4,0,0,0,0,0,0,0,0,0,1.93,0,0,0,0,0, 
2003,4,30,0,0,0,0.11,0,0,0.01,0.09,0,0,0,0,0,0,0,0,0.07,0,0,0,0.25,0,0,0,0,0,0,0,0,0,0, 
2003,5,31,0,0.05,0,0,0,0,0,0,0,0,0,0,0,0,0,0,0,0,0,0,0,0,0,0,0,0,0,0,0,0,0, 
2003,6,30,0,0,0,0.04,0,2.07,0.89,0,0,0,0.24,0,0,0,0,1.25,1.85,0,0,0,0,0.01,0,0.06,0,0,0,0,0,0.07,0, 
2003,7,31,0,0,0.8,0,0,0,2.17,0,1.22,0.1,0.05,0,0,0,0,0,0,0,0,0,5.75,0,0,0,0,0,0,0,0,0,0.06, 
2003,8,31,0,0,0,0,0,0,0,0,0,0,0,0.2,0,1.2,0.27,0.04,0,0,0,0,0,0,0,0,0,0,0,0,0,0.03,0.68, 
2003,9,30,0,0.32,0.23,0,0.07,0.03,0,0,0,0.23,4.3,0.06,0,0,0,0,1.5,0.51,1.49,0.35,1.67,0.1,0,0,0,0,0,0,0,0,0, 
2003,10,31,0,0,0,0,0,0,1.57,0,0.27,0,0.05,0,0,0,0,0.17,0,0,0,0,0,0,0,0,0,0.22,0.19,0,0,0,0, 
2003,11,30,0,0,0,0,0,0,0,0,0.02,0,0,0,0,0,0,0,0,0.66,0,0,0,0,0,0.09,0,0,0,0,0,0,0, 
2003,12,31,0,0,0,0,0,0,0,0,0,0,0,0,0.6,0,0,0,0,0,0,0,0,0,0.12,0,0,0.01,0,0,0.1,0,0, 
2004,1,31,0,0,0,0,0,0,0,2.12,0.04,0,0,0,0,0,0.03,0.19,0.45,0,0,0,0,0,0.08,0.2,0.28,0,0,0,0,0.29,0, 
2004,2,29,0,0.15,0.04,0,0,0,0,0,0,0.05,0.35,0.02,0.24,0.5,0,0,0,0,0,0,0,0,0.24,0.02,0.53,0,0,0,0,0,0, 
2004,3,31,0.02,0.01,0,0.01,0.24,0.03,0,0,0,0,0,0,0.04,0.07,0.62,0,0.01,0,0,0,0,0,0,0,0,0,0,0,0,0.05,0, 
2004,4,30,0,0,0.55,0,0.75,0,0.1,0,0,0,0.1,0.6,0,0,0,0,0,0,0,0,0,0,0,1.69,0.06,0.1,0,0,0,0,0, 
2004,5,31,0,1.83,0,0,0,0,0,3.35,3.8,0.1,0,0.05,0,3.89,0,0,0,0,0,0,0,0,0,0,0,0,0,0,0,0.01,0, 
2004,6,30,0,0,0.09,0,0,0,0,1.47,0.9,0,0,0,0,0,0,1.13,0,0,0,0,0,0,0.56,1.53,0.82,0.47,0,0.07,0.2,0.2,0, 
2004,7,31,0.1,0,0,0,0,0,0,0,0,0,0.03,0.3,0,0,0,0,0,0,0,0,0,0.23,0,0,0,0,0,0,0.05,0.22,0.01, 
2004,8,31,0,0,0,0,0,0,0,0.09,0,0,0.13,0.35,0,0,0,0,0,0,0.14,0,0.01,0.3,0,0,0,0,0,0,0,0,0, 
2004,9,30,0,0.5,0.1,0.15,0.14,0,0,0,0.01,0,0.02,0,0.11,0.23,0.02,0,0,0,0,0,0,0,0,0,0,0,0,0,0,0,0, 
2004,10,31,0,0,3.45,0,0,2,1,1.1,0,0.03,0,0,0,2.23,0.03,0,0,0,0,0,0,0,0,0,0,0,0.35,0,0,0,0.01, 
2004,11,30,0.35,1.35,0,0,0,0,0,0,0,0,0,0,0,0,0.63,0.41,1.1,1.34,0.01,0.06,0,0.5,0,0.22,0,0,0,0,0,0.12,0, 
2004,12,31,0.1,0,0,0.21,0,0.04,0.03,0,0,0,0,0,0,0,0,0.3,0,0,0,0,0,0,0,0,0,0,0,0,0,0.01,0, 
2005,1,31,0,0.09,0,0,0,0.04,0.01,0,0,0,0,0,0.37,0,0,0,0,0,0,0,0,0,0,0,0,0,0,0.34,0,0,0.07, 
2005,2,28,0.24,0.1,0.01,0,0,0.05,0.07,0.37,0.24,0.02,0,0,0.14,0,0,0,0,0,0,0,0,0,0,0.53,0.37,0.3,0.83,0,0,0,0, 
2005,3,31,0,0,1.25,0.02,0,0.23,0.73,0,0,0,0,0,0,0,0,0.31,0,0,0,1.05,0,0,0,0,0,0,0.16,0,0,0,0.01, 
2005,4,30,0,0,0,0,0,0.02,0,0,0,0,0.05,0,0,0,0,0,0.05,0,0,0,0,0,0.05,0.01,0.04,0,0,0,0,0,0, 
2005,5,31,0,0,0,0,0,0,0,0,0.57,0,0,0,0,0,0,0,0.65,0,0,0,0,0,0,0,0,0,2.24,0,0.69,0.11,0, 
2005,6,30,1.01,0.27,0,0,0.1,0,0,0,0,0,0,0,0,0,0,0,0,0,0,0,0,0,0,0,0,0,0,0,0,0,0, 
2005,7,31,0,0,0,0,0,0,0,0,0.03,0,0,0,0,0,0.89,3.07,0.21,0.23,0,0.1,0.2,0,0,0.01,0,0,0,0,0,0,0.91, 
2005,8,31,0,0,0,0,0.01,0,0,0,0,0,0,0,0,0,0,0.06,0,0,0,0,0,0,0,0,0,0,0,0,0,0,0, 
2005,9,30,0,0,0.22,0,0,0,0.91,0,0.07,0.01,0.79,1.15,0,0,0,0,0,0,0,0,0,0,0,0,0,0,0,0,0,0.36,0, 
2005,10,31,0,0,0.05,0,0,0,0,0,0,1.7,0.05,3,0,0,0,0,0,0,0,0,0,0,0,0,0,0,0,0,0,0,0, 
2005,11,30,1,0,0,0,0,0,0,0,0.15,0,0,0,0,0,0,0.74,0,0,0,0.38,0,0,0,0,0,2,1.35,0,0,0,0, 
2005,12,31,0,0,0,0,0,0,0,0.86,0,0,0.04,0,0,0.05,0.05,0,0.68,0.01,0,0,0,0,0,0,0,0,0,0,0,0,0, 
2006,1,31,0.01,0,0,0,0,0,0,0,0,0,0,0,0,0,0,0,0.06,0,0,0,0,0.25,0.05,0,0,0,0,0,0.08,0,0, 
2006,2,28,0,0,0,0,0,0,0,0,0,0.04,0.4,0,0,0,0,0,0,0,0.03,0,0,0,0,0,0.03,0.16,0,0,0,0,0, 
2006,3,31,0,0,0,0,0,0,0,0,0,0,0,0,0,0,0,0,0,0,0,0,0,0,0,0,0,0,0,0,0.81,0.2,0, 
2006,4,30,0,0,0,0,0,0,0,0,0,0,0,0,0,0,0,0,0,0,0,0,0,0.02,0,0,0,0.03,0,0,0.01,0,0, 
2006,5,31,0,0,0,0,0,0,0.01,0,0,0,0.9,0,0,0,0.03,0,0,0,0,0,0,0,0,0,0,0,0,0.7,0.6,5.35,0, 
2006,6,30,2.25,2.01,0,0,0,0,0,0,0,0,0,0,0,0,0,0.1,0.01,0.25,0.06,0.07,0.55,0.12,0.6,0,0,0,0.02,0,0,0,0, 
2006,7,31,0.3,1.75,0.65,0.34,0.07,2.3,1.9,1.32,0,0,0,0,0,0,0.02,0,0,0,0,0,0,0,0,0,0.06,4.65,0.1,0,0,0,0, 
2006,8,31,0,0,0.02,0,0,0,1.02,0.5,0.24,0,0,0,0,0,0,0,0,0,0,1,0,0.2,0,0,0,0.05,0,0,0,0,0, 
2006,9,30,0,0,0,0,0.15,0,0,0,0.9,0.1,0.14,0.05,2.2,0,0,0,0,2.25,0,0,0,0,0,2.6,0,0,0,0,0,0,0, 
2006,10,31,0,0,0,0,0,0,0,0,0,0,0.59,0,0.93,0.03,0.45,0.79,1.55,0,0,0,0,0.02,0.61,0,0,0,0,0,0,0,0, 
2006,11,30,0,0,0,0,0,0,0.73,0,0,0,0,0,0.09,0,0,0,0,0,0,0,0,0,0,0,0,0,0,0,0,0,0, 
2006,12,31,0.3,0,0,0,0,0,0.1,0,0.2,0.14,0.05,0,0,0,0,0,0,0,0.04,0.1,0,0,0,0,0,0.05,0,0,0,0.5,0.03, 
2007,1,31,0,0,0,1.82,1.1,0,0.13,0,0,0,0,0,0,0.08,0.65,0.17,1.05,0.05,0.13,0.1,0.17,0,0.01,1.68,0.97,0,3.34,0.07,0,0.02,0, 
2007,2,28,0.05,0,0,0,0,0,0.08,0,0.05,0,0,0.01,0.03,0,0,0,0,0,0,0,0.05,0,0,0.03,0,0,0,0,0,0,0, 
2007,3,31,0,0,0,0,0,0,0,0,0,0,0,1.1,0,1.65,0,0,0,0,0,0,0,0,0,0,0,0,0,0,0,0,0.01, 
2007,4,30,0,0,0.02,0,0,0,0,1.54,0.03,0.02,0,0,0,0,0,0,0,0.01,0,0,0,0,0,0,0.01,1.7,0,0,0,0.03,0, 
2007,5,31,0,0,0.06,0,0,0,0,0,0,0,1.15,0,0,0,0,0,0,0,0,0,0.07,0.06,0,0,0,1.3,0.02,0,0.48,0.02,0, 
2007,6,30,0,0,0,0.01,0,1.34,0,0,0,0,0,0,0,0,0,0,0,0,0,0,0,1.71,0.15,0.08,0.43,0.04,0,0,0,0,0, 
2007,7,31,0,0.15,0.62,7.02,4.45,0.02,0,0.57,0.01,0,0,0,0,0,0,0.42,2,0.03,0.48,1,3.6,0,0,0.01,0.1,1.34,0.56,0.23,0,0.04,0, 
2007,8,31,0,0,0.01,0,0,0,0,0,0,0,0,0,0.03,0,0,2.91,0,0,0.05,0,0.12,0,0,0.11,0.05,0.73,0,0.46,0.26,0.14,0, 
2007,9,30,0.25,0.06,0.03,0.78,0.01,0,0,0,0,0.02,0,0.34,0.09,0,0,0,0,0,0.25,0,0,0,0,0,0.09,0.04,0,0,0.02,1.76,0, 
2007,10,31,0.23,0.15,0,0,0,0,0,0.29,0,0,0,0,0,0,0.4,0.25,0,0,0,0,0,0,0,0,0,0,0,0,0,0,0, 
2007,11,30,0,0,0,0,0,0,0,0,0,0,0,0,0,0,0,0,0,0,0,0,0,0.1,2.42,0.45,0,0,0,0,0,0,0, 
2007,12,31,0,0,0,0,0,0,0,0,0,0.85,0,0.04,0.14,0,0.47,0.02,0,0,0,0.02,0,0,0,0,0,0,0,0,0,0,0, 
2008,1,31,0,0,0,0,0,0,0,0,0,0,0,0,0,0,0.02,1.85,0,0,2.5,0,0.07,0.05,0.42,0.16,0.1,0.1,0,0,0,0,0, 
2008,2,29,0,0,0,0,0,0.01,0,0,0,0,0,0,0,0,0,0,1.02,0.1,0,0,1.05,0.5,0,0,0.1,0,0,0,0,0,0, 
2008,3,31,0,0,0,0,0,0,0.74,0,0,0,0.5,0.2,0,0,0,0,0,0,0.1,0,0,0,0,0,0,0,0,0,0,0.1,0, 
2008,4,30,0,0,0,0,0.1,0,0,0,0,0,0,0,0,0,0,0,0,0.65,0,0,0,0,0,0,0,1.37,0.19,0.06,0,0,0, 
2008,5,31,0,0,0,0,0.01,0,0,0,0,0,0,0,0,0,0,0.36,0,0,0,0,0,0,0,0,0,0.05,0,0,0,0,0, 
2008,6,30,0,0,0,0,0,0,0,0.06,0,0,0,0,0,0,0,0,0,0,0,0,0,0,0.2,0,0,0,0,0,0.06,0,0, 
2008,7,31,0,0.03,0,0,0.37,0.05,0.09,0,0.05,0,0,0,0,0,0,0,0,0,0,0,0,0,0.4,0.6,0,0,0,0,0,0,0, 
2008,8,31,0,0,0,0,0,1.97,0,0,0,0,0,0,0,0.3,0.05,0,0.12,0.41,3.31,0.34,0.37,0,0,0,0,0,0,0,0,0,0, 
2008,9,30,0,0,0,0,0,0,0,0,0.1,0,0,0,0,0,0.47,0,0,0,0,0,0,0,0,0,0,0,0,0,0,0,0, 
2008,10,31,0,0,0,0,0,0,0,1.87,0,0,0,0,0,0,0.36,0.25,0,0,0,0,0,0.02,0.1,0,0,0,0,0,0,0,0, 
2008,11,30,0,0,0,0,0,0,0.2,0,0,0.66,0,0,0,0.05,0,0,0,0,0,0,0,0,0,0,0,0,0,0,0,0,0, 
2008,12,31,0,0,0,0,0,0,0,0,0,0.23,0,0,0,0,0,0,0,0,0,0,0,0,0.3,0,0,0.01,0,0,0,0,0, 
2009,1,31,0.03,0.03,0,0,0,0.5,0,0,0,0,0,0,0,0,0,0,0,0,0,0,0,0,0,0,0,0,0,0.1,0,0,0, 
2009,2,28,0.02,0,0,0,0,0,0,0,0,0,0.06,0,0,0.04,0,0,0,0,0,0,0,0.04,0,0,0,0,0,0.02,0,0,0, 
2009,3,31,0,0,0,0,0,0,0,0,0,0,0,0,0.2,0.04,0.8,0.1,0,0,0,0,0,0,0,0,0,0,1.11,0,0,0,0, 
2009,4,30,0,0,0,0,0,0,0,0,0,0,0,0,0.15,0,0,0,0,0,0.1,0,0,0,0,0,0,0,0,1.17,0,0,0, 
2009,5,31,0,0,0,0,0,0,0,0,0,0,0,0,0,0,0,0,0,0,0,0,0,0,0,0.03,0.08,0.7,0.01,3.47,0,0,0, 
2009,6,30,0,0,0,0.61,0,0,0,0,0,0,0,0,0,0,0,0,0,0,0,0,0,0,0,0,0,0,0,0,0,0,0, 
2009,7,31,0,0,0,0,0,0,0,0,0,0,0,0,0,0,0,0,0,0,0,0,0,0,0,0,0,0,0,0,0,0,0, 
2009,8,31,0,0,0,0,0,0,0,0,0.13,0,0,0,0,0,0,0,0,0,0,0,0,0,0,0,0,0,0,0,0,0,0, 
2009,9,30,0.02,0,0,0,0,0,0,0.01,0.06,1.27,2.7,0.57,0,0,0,0,0,0,0,0,0,0.15,0.65,0.03,0,0,0,0,0,0.3,0, 
2009,10,31,0,0,0.03,0,0,0.5,0,0,0,0.7,0,0.07,0.07,0,0,0,0,0,0,0,0,0.07,0,0,0,0.67,1.47,0,0,0.14,0, 
2009,11,30,0,0,0.01,0,0,0,0,0.06,0.8,0,0,0,0,0,0,0.22,0,0,0,4.35,2.32,0,0,0,0,0,0,0,0.02,0.02,0, 
2009,12,31,0.93,1.71,0.01,0.2,0.16,0.02,0.1,0.07,0,0,0,0.01,0,0.01,0.14,0.3,1.25,0.14,0,0,0,0,0.1,0.07,0,0,0,0,0,0.5,0.04, 
2010,1,31,0,0,0,0,0,0,0.14,0.05,0,0,0,0,0,0.43,3.75,0.7,0,0,0,0,0,0,0,0,0,0,0,0,0.3,0.03,0, 
2010,2,28,0.01,0.38,0.38,0.7,0.08,0,0,0,0.06,0,0.27,1.1,0,0,0.02,0,0,0,0.09,0.12,0,0.06,0,0.15,0,0,0,0,0,0,0, 
2010,3,31,0.17,0,0,0,0,0,0,0,0.17,0,0,0,0,0,0,0,2.8,0,0,0,0.82,0,0,0.23,0.23,0,0,0,0,0,0, 
2010,4,30,0,0,0,0,0,0,0,0.07,0,0,0,0,0,0,0,0,0,0.43,0.1,0,0,0,0,0,0,0,0,0,0,0,0, 
2010,5,31,0,0,0,0,0,0,0,0,0,0,0,0,0,0,0,0.1,0,1.57,0.01,0,0,0,0,0,0,0,0,0,0,0,0, 
2010,6,30,0,0,1.1,0,0,0,0,0,0,0,0,0,0,0,0,0,0,0,0,0,0,0,0,0,0,0,0,0,0.4,0,0, 
2010,7,31,4.26,1.72,0,0.1,0,0,0,0,0,0,0,0.18,0,0,0,0,0,0,0.03,0,0,0,0,0,0,0.09,0.74,0.43,0.19,0,0, 
2010,8,31,0,0,0,0,0,0,0,0,0,0,0,0,0,0,0,0,0,0,0,0,0,0,0,0,0,0,0,0,0,0,0.33, 
2010,9,30,0,0.2,0,0.27,0.1,0.4,5.75,1.36,0.3,0,0,0,0,0,0,0.05,0.05,4.45,2.35,1.1,0.07,0.19,1.05,0,0,0,0,0,0,0,0, 
2010,10,31,0,0,0,0,0,0,0,0,0,0,0,0,0,0,0,0,0,0,0,0,0,0,0,0.01,0,0,0,0,0,0,0, 
2010,11,30,0,0.22,0,0,0,0,0,0,0,0,0,0,0.65,0,0.02,0,0,0,0,0,0,0,0,0,0,0.2,0,0,0,0.08,0, 
2010,12,31,0,0,0,0,0,0,0,0.04,0,0,0,0,0,0,0,0,0,0,0,0,0,0,0,0,0.38,0,0,0,1.85,0,0, 
2011,1,31,0.000,0.000,0.000,0.000,0.000,0.000,0.000,0.024,0.906,0.000,0.000,0.000,0.000,0.055,1.921,0.823,0.000,0.000,0.000,0.000,0.000,0.000,0.559,0.012,0.000,0.000,0.000,0.000,0.000,0.425,0.000,
2011,2,28,0.000,0.000,0.000,0.063,0.000,0.000,0.000,0.000,0.244,0.008,0.000,0.000,0.000,0.000,0.000,0.000,0.000,0.000,0.000,0.000,0.000,0.000,0.000,0.000,0.000,0.000,0.000,0.012,0.000,0.000,0.000,
2011,3,31,0.000,0.000,0.000,0.000,0.016,0.000,0.000,0.000,0.000,0.000,0.000,0.000,0.000,0.205,0.000,0.000,0.000,0.000,0.000,0.000,0.000,0.000,0.000,0.000,0.000,0.000,0.000,0.000,1.059,0.020,0.000,
2011,4,30,0.000,0.000,0.000,0.000,0.000,0.000,0.000,0.000,0.000,0.000,0.000,0.000,0.000,0.000,0.000,0.000,0.000,0.000,0.000,0.000,0.000,0.000,0.000,0.000,0.000,0.000,0.000,0.000,0.000,0.000,0.000,
2011,5,31,0.000,0.000,0.051,0.000,0.000,0.000,0.000,0.000,0.000,0.000,0.000,1.614,0.000,0.000,0.000,0.000,0.000,0.000,0.000,0.000,0.000,0.000,0.000,0.000,0.000,0.000,0.000,0.000,0.000,0.008,0.000,
2011,6,30,0.000,0.000,0.000,0.000,0.000,0.000,0.000,0.000,0.000,0.000,0.000,0.000,0.000,0.000,0.000,0.000,0.000,0.000,0.000,0.000,0.000,2.354,0.028,0.236,0.012,0.000,0.000,0.000,0.000,0.000,0.000,
2011,7,31,0.000,0.000,0.000,0.000,0.000,0.000,0.000,0.000,0.000,0.000,0.000,0.087,0.000,0.000,0.000,0.000,0.000,0.000,0.000,0.016,0.000,0.000,0.028,0.000,0.000,0.000,0.000,0.000,0.000,0.000,0.000,
2011,8,31,0.000,0.000,0.000,0.000,0.000,0.000,0.000,0.000,0.000,0.000,0.000,0.000,0.000,0.000,0.000,0.000,0.000,0.000,0.000,0.000,0.000,0.000,0.000,0.000,0.165,0.000,0.000,0.000,0.000,0.000,0.000,
2011,9,30,0.091,0.000,0.000,0.000,0.000,0.000,0.000,0.000,0.000,0.000,0.000,0.000,0.000,0.000,0.000,0.000,0.047,1.047,0.000,0.000,0.000,0.000,0.000,0.000,0.000,0.000,0.000,0.000,0.043,0.000,0.000,
2011,10,31,0.000,0.000,0.000,0.000,0.000,0.079,0.000,0.059,1.756,0.000,0.000,0.000,0.669,0.000,0.000,0.000,0.000,0.000,0.000,0.000,0.000,0.000,0.000,0.000,0.000,0.000,0.008,0.000,0.000,0.000,0.000,
2011,11,30,0.000,0.000,0.000,0.000,0.000,0.000,0.000,0.000,0.075,0.000,0.000,0.012,0.000,0.016,0.000,0.000,0.000,0.000,0.000,0.000,0.000,0.016,0.000,0.008,0.000,0.142,0.000,0.000,0.000,0.000,0.000,
2011,12,31,0.024,0.008,0.000,0.000,0.000,0.000,0.043,0.000,0.000,0.283,0.083,0.000,0.154,0.000,0.000,0.000,0.000,0.000,0.047,0.035,0.012,0.063,0.000,0.028,0.016,0.000,0.000,0.000,0.000,0.000,0.000,
2012,1,31,0.000,0.000,0.000,0.000,0.000,0.000,0.000,0.000,0.532,0.000,0.000,0.000,0.000,0.000,0.000,0.000,0.000,0.000,0.000,0.000,0.000,0.000,0.000,0.000,0.134,0.000,0.000,0.000,0.000,0.000,0.173,
2012,2,29,0.000,0.000,0.157,0.807,0.685,0.000,0.000,0.000,0.126,0.043,0.000,0.047,0.094,0.000,0.008,0.000,0.748,0.799,0.000,0.000,0.000,0.000,0.000,0.000,0.409,0.000,0.000,0.000,0.000,0.000,0.000,
2012,3,31,0.000,0.000,0.000,0.000,0.000,0.000,0.000,0.000,0.508,0.299,0.055,0.000,0.000,0.000,0.000,0.000,0.000,0.000,0.000,1.717,0.032,0.000,0.000,0.000,0.000,0.000,0.000,0.000,0.429,0.000,0.000,
2012,4,30,0.000,0.362,0.000,0.807,0.000,0.000,0.000,0.000,0.000,0.000,0.000,0.000,0.000,0.000,0.161,5.244,0.000,0.000,0.000,0.032,0.000,0.000,0.000,0.000,0.000,0.000,0.000,0.000,0.000,0.000,0.000,
2012,5,31,0.000,0.000,0.000,0.000,0.000,0.000,0.000,0.016,0.000,1.516,0.020,0.000,0.000,0.000,0.260,0.000,0.000,0.000,0.000,0.000,0.000,0.000,0.000,0.000,0.000,0.000,0.000,0.000,0.000,0.000,0.000,
2012,6,30,0.000,0.000,0.000,0.000,0.000,0.000,0.039,0.000,0.000,0.000,0.000,0.000,0.000,0.000,0.000,0.000,0.000,0.000,0.087,0.339,0.433,0.000,0.000,0.000,0.000,0.000,0.000,0.000,0.106,0.307,0.000,
2012,7,31,1.457,0.000,0.000,0.000,0.000,0.000,0.000,0.039,0.000,2.268,0.319,0.492,0.000,0.839,0.000,0.000,0.000,0.000,0.000,0.000,0.000,0.000,0.000,0.000,0.000,0.000,0.000,0.000,0.000,0.000,0.000,
2012,8,31,0.000,0.000,0.000,0.000,0.291,0.000,0.000,0.000,0.000,0.000,0.000,0.000,0.000,0.000,0.000,0.000,0.000,0.000,0.098,0.000,0.000,0.000,0.000,0.000,0.000,0.000,0.000,0.000,0.000,0.000,0.000,
2012,9,30,0.118,0.000,0.000,0.000,0.000,0.000,0.000,0.000,0.000,0.000,0.000,0.000,1.988,0.000,0.032,0.193,0.000,0.000,0.028,0.000,0.000,0.000,0.000,0.000,0.000,0.000,0.000,0.701,2.630,0.000,0.000,
2012,10,31,0.000,0.000,0.000,0.000,0.000,0.000,0.000,0.000,0.000,0.000,0.000,0.000,0.000,0.000,0.000,0.000,0.000,0.000,0.000,0.000,0.000,0.000,0.000,0.000,0.000,0.000,0.000,0.000,0.000,0.000,0.102,
2012,11,30,0.000,0.000,0.000,0.102,0.000,0.000,0.000,0.000,0.000,0.000,0.000,0.291,0.000,0.000,0.000,0.000,0.000,0.000,0.000,0.000,0.000,0.000,0.185,0.000,0.000,0.000,0.772,0.000,0.000,0.000,0.000,
2012,12,31,0.000,0.000,0.000,1.461,0.000,0.000,0.000,0.000,0.000,0.039,0.008,0.000,0.000,0.000,0.000,0.043,0.000,0.000,0.000,0.016,0.000,0.000,0.000,0.000,0.000,0.000,0.016,0.000,0.000,0.000,0.032,
2013,1,31,0.075,0.197,0.000,0.000,0.016,0.000,0.000,0.272,1.669,0.000,0.000,0.000,0.122,0.000,0.130,0.000,0.000,0.000,0.000,0.000,0.000,0.000,0.000,0.000,0.000,0.000,0.000,0.000,0.000,0.000,0.000,
2013,2,28,0.000,0.000,0.000,0.000,0.000,1.768,0.000,0.000,0.000,0.000,0.000,0.016,0.000,0.000,0.000,0.000,0.000,0.000,0.000,0.000,0.000,0.000,0.000,0.000,0.000,0.000,0.000,0.000,0.000,0.000,0.000,
2013,3,31,0.000,0.000,0.000,0.000,0.000,0.000,0.000,0.000,0.000,0.043,0.000,0.000,0.000,0.000,0.000,0.000,0.000,0.000,0.000,0.000,0.000,0.000,0.000,0.000,0.000,0.000,0.000,0.000,0.000,0.000,0.000,
2013,4,30,0.000,0.012,0.315,0.000,0.000,0.000,0.000,0.000,0.000,0.000,0.394,0.000,0.000,0.000,0.000,0.000,0.000,0.114,0.000,0.000,0.000,0.000,0.000,0.000,0.000,0.000,0.079,0.406,0.098,0.071,0.000,
2013,5,31,0.000,0.000,0.000,0.000,0.000,0.000,0.000,0.000,0.000,0.059,0.067,0.000,0.000,0.000,0.173,0.000,0.000,0.000,0.000,0.000,0.000,0.000,0.000,0.000,0.000,0.000,0.000,0.000,0.000,0.000,0.000,
2013,6,30,0.000,0.472,0.000,0.000,0.000,0.000,0.102,0.000,0.000,0.000,0.000,0.110,0.000,0.000,0.000,0.000,0.000,0.000,0.000,0.000,0.000,0.000,0.000,0.000,0.000,0.000,0.000,0.000,0.000,0.323,0.000,
2013,7,31,0.000,0.028,0.000,0.000,0.000,0.000,0.032,0.000,0.083,0.000,0.000,0.000,0.000,0.000,0.000,0.161,1.642,0.839,0.000,0.000,0.217,0.000,0.000,0.000,0.000,0.000,0.067,0.000,0.000,0.000,0.000,
2013,8,31,0.000,0.000,0.000,0.000,0.000,0.000,0.000,0.000,0.000,0.512,0.000,0.000,0.000,0.000,0.000,0.063,0.000,0.000,0.000,1.283,0.000,0.000,0.098,0.000,0.000,4.283,0.000,0.000,0.000,0.000,0.000,
2013,9,30,0.000,0.000,0.000,0.000,0.118,0.154,0.295,0.209,0.146,0.000,0.213,0.000,0.000,0.000,0.016,0.157,0.079,0.000,0.264,0.732,0.020,0.000,0.028,0.000,0.000,0.000,0.012,0.012,0.008,0.000,0.000,
2013,10,31,0.748,0.012,0.000,0.000,0.000,0.236,0.000,0.000,0.000,0.000,0.012,0.000,0.102,0.000,0.000,0.000,0.000,0.205,0.972,0.000,0.043,0.000,0.000,0.000,0.000,0.000,0.000,0.000,0.000,0.035,1.150,
2013,11,30,0.000,0.000,0.000,0.000,0.016,0.567,0.000,0.000,0.000,0.020,0.000,0.000,0.000,0.000,0.000,0.000,0.000,0.000,0.000,0.020,0.000,0.008,0.000,0.016,0.402,0.146,0.000,0.000,0.000,0.000,0.000,
2013,12,31,0.000,0.000,0.000,0.000,0.000,0.000,0.000,0.000,0.039,0.000,0.000,0.000,0.000,0.000,0.000,0.000,0.000,0.000,0.000,0.000,0.047,0.024,0.000,0.000,0.047,0.071,0.134,0.000,0.000,0.000,0.059,
2014,1,31,0.016,0.000,0.000,0.000,0.000,0.000,0.000,0.020,0.150,0.024,0.000,0.028,0.000,0.000,0.000,0.000,0.000,0.000,0.008,0.008,0.000,0.000,0.012,0.008,0.008,0.000,0.000,0.000,0.000,0.000,0.000,
2014,2,28,0.000,0.043,0.012,0.059,0.000,0.000,0.008,0.000,0.000,0.000,0.032,0.000,0.000,0.000,0.000,0.000,0.000,0.000,0.000,0.000,0.000,0.000,0.000,0.012,0.213,0.346,0.000,0.000,0.000,0.000,0.000,
2014,3,31,0.000,0.012,0.000,1.039,0.012,0.000,0.000,0.000,0.311,0.008,0.000,0.000,0.000,0.000,0.323,0.032,0.000,0.000,0.000,0.000,0.000,0.000,0.197,0.024,0.000,0.134,0.000,0.000,0.000,0.000,0.000,
2014,4,30,0.000,0.000,0.000,0.032,0.008,0.130,0.000,0.000,0.000,0.000,0.000,0.000,0.000,0.051,0.000,0.000,0.000,0.000,0.000,0.000,0.000,0.000,0.000,0.043,0.000,0.000,0.000,0.000,0.000,0.000,0.000,
2014,5,31,0.000,0.000,0.000,0.000,0.000,0.000,0.000,0.024,0.260,0.000,0.000,0.000,2.764,0.000,0.000,0.000,0.000,0.000,0.000,0.000,0.000,0.000,0.000,0.000,0.000,0.130,0.000,0.154,0.000,0.000,0.000,
2014,6,30,0.000,0.000,0.000,0.000,0.000,0.000,0.000,0.000,0.157,0.173,0.000,0.000,0.055,0.000,0.000,0.000,0.000,0.024,0.000,0.000,0.000,0.000,0.000,0.020,2.157,2.913,0.083,0.000,0.000,0.000,0.000,
2014,7,31,0.000,0.000,0.000,0.000,0.000,0.000,0.000,0.000,0.000,0.280,0.000,0.000,0.000,0.000,0.000,0.000,0.000,0.378,0.000,0.000,0.000,0.000,0.000,0.000,0.000,0.000,0.000,0.000,0.000,0.000,0.000,
2014,8,31,0.000,0.224,0.000,0.000,0.000,0.000,0.000,0.000,0.000,0.000,0.299,0.000,0.000,0.000,0.000,0.000,0.000,0.000,0.000,0.000,0.000,0.000,0.000,0.000,0.000,0.000,0.000,0.217,0.516,0.232,0.693,
2014,9,30,0.000,0.047,0.000,0.098,0.000,0.000,1.193,0.000,0.000,0.000,0.000,1.610,0.035,0.000,0.000,0.146,0.016,0.000,0.000,0.441,0.799,0.772,0.748,0.000,0.000,0.539,1.130,0.083,0.000,0.000,0.000,
2014,10,31,0.008,0.000,1.299,0.000,0.000,0.016,0.000,0.000,0.000,0.035,0.165,0.000,0.000,0.000,0.000,0.000,0.000,0.000,0.000,0.024,0.000,0.000,0.000,0.000,0.000,0.000,0.000,0.000,0.000,0.000,0.000,
2014,11,30,0.000,0.000,0.000,0.000,1.094,1.638,0.000,0.000,0.000,0.000,0.000,0.000,0.429,0.000,0.087,0.059,0.000,0.000,0.000,0.496,0.264,0.701,0.000,0.000,0.000,0.000,0.000,0.000,0.000,0.000,0.000,
2014,12,31,0.665,0.000,0.000,0.020,0.000,0.000,0.000,0.000,0.000,0.000,0.000,0.000,0.000,0.000,0.000,0.000,0.000,0.020,0.051,0.130,0.008,0.000,0.000,0.000,0.000,0.000,0.000,0.787,0.000,0.000,0.000,
2015,1,31,0.008,0.122,0.012,0.000,0.000,0.000,0.000,0.000,0.157,0.492,0.185,0.000,0.051,0.000,0.020,0.000,0.000,0.000,0.000,0.000,0.134,1.677,0.118,0.000,0.000,0.000,0.000,0.000,0.000,0.000,0.000,
2015,2,28,0.000,0.000,0.827,0.051,0.000,0.000,0.000,0.000,0.000,0.000,0.000,0.000,0.000,0.000,0.000,0.028,0.024,0.000,0.000,0.000,0.000,0.000,0.024,0.016,0.130,0.000,0.000,0.965,0.000,0.000,0.000,
2015,3,31,0.094,0.012,0.000,0.000,0.035,0.000,0.000,0.724,1.472,0.000,0.098,0.016,0.000,0.000,0.000,0.197,0.000,1.374,0.114,0.000,1.512,0.000,0.000,0.000,0.000,0.008,0.000,0.000,0.000,0.000,0.000,
2015,4,30,0.000,0.000,0.000,0.071,0.000,0.000,0.000,0.000,0.000,0.917,0.154,0.000,0.291,2.555,0.000,0.000,0.157,0.728,0.000,0.000,0.000,1.118,0.000,0.110,0.035,0.091,0.000,0.000,0.000,0.000,0.000,
2015,5,31,0.000,0.000,0.000,0.000,0.000,0.000,0.000,0.000,0.000,0.000,0.567,2.055,0.268,0.000,1.618,0.000,0.000,0.000,0.000,0.000,0.043,2.677,0.000,1.819,0.000,0.035,0.000,0.000,0.539,0.287,0.000,
2015,6,30,0.000,0.000,0.000,0.000,0.000,0.000,0.000,0.000,0.000,0.000,0.000,0.000,0.000,0.539,0.283,0.283,3.839,0.157,0.067,0.012,0.000,0.000,0.193,0.000,0.000,0.000,0.000,0.000,0.000,0.000,0.000,
2015,7,31,0.083,0.000,0.000,0.000,0.000,0.000,0.000,0.000,0.000,0.000,0.000,0.000,0.000,0.000,0.000,0.000,0.000,0.000,0.000,0.000,0.000,0.000,0.000,0.000,0.000,0.000,0.000,0.000,0.000,0.000,0.189,
2015,8,31,0.000,0.000,0.000,0.087,0.000,0.000,0.000,0.000,0.000,0.000,0.000,0.000,0.000,0.000,0.000,0.634,0.000,0.000,0.000,0.638,0.866,0.000,0.000,0.000,0.000,0.000,0.000,0.000,0.000,0.000,0.378,
2015,9,30,0.008,0.000,0.421,0.012,0.000,0.000,0.000,0.000,0.000,0.051,3.787,0.000,0.000,0.000,0.016,0.000,0.000,0.000,0.000,0.000,0.000,0.000,0.000,0.024,0.000,0.039,0.000,0.000,0.000,0.000,0.000,
2015,10,31,0.000,0.000,0.000,0.000,0.000,0.000,0.000,0.598,0.000,0.000,0.000,0.000,0.000,0.000,0.000,0.000,0.000,0.000,0.000,0.000,0.189,0.000,0.039,3.382,0.106,0.000,0.000,0.000,0.000,0.114,0.035,
2015,11,30,0.012,0.000,0.000,0.000,0.024,0.000,0.740,0.000,0.000,0.000,0.000,0.016,0.000,0.000,0.000,0.000,0.122,0.000,0.000,0.031,0.000,0.000,0.000,0.000,0.000,0.232,0.000,0.071,0.000,0.000,0.000,
2015,12,31,0.000,0.000,0.000,0.000,0.000,0.000,0.000,0.000,0.000,0.000,0.000,0.366,0.209,0.000,0.000,0.000,0.000,0.000,0.000,0.000,0.000,0.000,0.000,0.000,0.000,0.000,0.283,0.000,0.000,0.134,0.000,
2016,1,31,0.41,1.21,0.14,0,0,0.54,0,0,0,0,0.04,0,0,0,0,0.03,0,0,0,0,0,0,0,0,0,0.02,0,0,0,0,0,
2016,2,29,0,0,0,0,0,0,0,0,0,0,0.02,0,0.02,0,0,0,0,0,0.01,0,0,0.02,0.41,0,0,0,0,0,0,0.000,0.000,
2016,3,30,0,0.000,0,0,0,0.01,0,0,2.09,0.26,0,0,0,0,0.01,0,0.23,0,0.24,0,0,0,0,0,0,0,0,0,0.03,0,0,
2016,4,30,0,0,0,0,0,0.01,0,0,0.02,0,0,0,0.37,0,0,0,0,0.8,0,0,0.58,0,0,0.01,0,0,0.02,0,0,0,0.000,
2016,5,31,0,0.05,0,0,0,0,0,0,0.03,0,0,0,0,0,2.14,3.69,0.01,0,1.69,0,0.02,0,0,0,0,0,0.54,0,0,1.85,0.72,
2016,6,30,0,0.12,0.13,0.5,0.22,0.17,0,0.05,0,0,0,0,0,0,0,0,0,0,0.13,0,0,0.09,0.02,0,0,0,0,0,0,0,0.000,
2016,7,31,0.13,0,0,0,0,0,0,0,0,0,0,0,0.02,0,0,0,0,0,0,0,0,0,0,0,0,0.22,0,0.19,0,0,0,
2016,8,31,0,0,0,0,0.2,0,0,0,0,0,0,0,0.02,0.06,0.48,0.99,0,0,0,0,0.03,0.06,0,0,0,0,0.12,0.03,0.01,1.78,0.48,
2016,9,30,0,0.02,0,0.13,0,0,0,0,0,0.06,0,0,0,0,0,0.01,0,0,0,0,0,0.21,0.11,0,0.15,0.71,0,0,0,0,0,
2016,10,31,0,0,0,0,0,0.03,0.02,0,0,0,0,0,0,0,0,0,0,0,0,0.37,0,0,0,0,0,0,0,0,0,0,0.01,
2016,11,30,0.02,0,0.12,0.02,0,0.44,0,1.22,0,0,0,0,0,0,0,0,0,0.44,0,0,0,0,0.01,0,0.28,0,0,0,0,0,0,
2016,12,31,0,0,0.6,1.91,0.07,0,0,0.1,0,0,0,0,0,0,0,0.06,0,0,0,0,0,0.02,0.03,0,0,0.01,0.01,0,0.07,0,0.03,
2017,1,31,0.09,0.02,0,0,0,0,0.01,0,0,0,0,0,0,0,0,0,0.04,0.04,0.12,0.02,0.01,0,0,0,0,0,0,0,0.06,0,0,
2017,2,28,0,0,0,0,0.03,0,0,0,0,0,0,0,0,0.02,1.28,0,0.2,0.23,0,2.78,0.15,0,0,0,0,0,0,0,0,0,0,
2017,3,31,0,0,0,0.03,0.3,0.08,0,0.01,0,0.02,1.41,0.94,0.03,0,0,0,0,0,0,0,0,0,0,0,0.01,0.02,0,0,0,0.45,0,
2017,4,30,0,0,0,0,0,0,0,0,0,0,0,0.86,0,0,0,0,0,0.56,0.04,0,0,0,0,0,0,0,0,0,0,0.69,0,
2017,5,31,0,0,0,0.23,0,0,0,0,0,0,0,0,0,0,0,0,0,0,0,0,0,3.6,0,0.66,0,0,0,0,0.1,0.61,0,
2017,6,30,0.19,0,0,0,0.24,0.26,0,0,0,0,0,0,0,0.04,0,0,0,0,0,0,0,0,0,0,2.62,0,0.1,2.29,1.54,0,0,
2017,7,31,0,0,0,0,0,0.2,0,0,0,0,0,0,0,0,0,0.97,0,0.01,0,0.01,0,0,0,0,0,0,0,0,0,0,0,
2017,8,31,0,0,0.21,1.71,0,0,0,0,0.65,0,0.01,0,0,0,0,0,0,0,0,0,0,0,0,0,0.65,15.96,1.77,0.84,0.12,0,0,
2017,9,30,0,0,0,0,0,0,0,0,0,0,0,0,0,0,0,0,0,0,0.24,0,0,0.09,0.1,0,0.05,0,0.78,0.04,0,0.45,0,
2017,10,31,0,0,0,0.19,0.03,0,0,0,0,0,0.1,0,0,0,0,0,0,0,0,0,0,0,0,0,0,0,0,0.01,0,0,0,
2017,11,30,2.12,0,0,0,0,0,0,0,0.44,0.01,0,0,0.35,0,0,0,0.02,0,0,0,0,0.36,0,0,0,0,0,0,0,0,0,
2017,12,31,0,0,0,0.1,0,1.4,0.33,0.9,0.14,0,0,0,0,0,0.05,0.02,0.68,0.01,0.42,0.01,0,0,0,0,0,0,0.15,0.31,0,0.02,0.05,
