node, X_Crd(UTM14), Y_Crd(UTM14), BOTTOM
1,687186.625,3123548.75,2.263
2,687357.9375,3123241.5,1.583
3,687647.0625,3123326,2.767
4,687922.3125,3122977.5,2
5,688254.9375,3123254,4.264
6,688469.5,3122927.75,1.279
7,688864.375,3117900.75,-0.736
8,689040.8125,3123206.5,4.03
9,689240.5,3117145.25,-2.06
10,689278.9375,3122444.5,1.001
11,689307.5625,3118143,-0.001
12,689546.75,3116750,-2.081
13,689698.8125,3117559.5,-2.004
14,689747.625,3121949.75,1.339
15,689755.1875,3122809.5,3.021
16,689762,3118351.75,-0.153
17,689853.0625,3116354.75,-2.1
18,689998,3121371.5,2.052
19,690032.5625,3116911,-2.09
20,690159.3125,3115959.5,-2.1
21,690162,3122519,3.477
22,690317.3125,3120960,1.381
23,690332.25,3122010,3.211
24,690444.875,3117966.75,-1.908
25,690465.625,3115564.5,-2.071
26,690392.0625,3117307.25,-2.1
27,690614.5625,3118697,-0.715
28,690800.8125,3115777.75,-1.967
29,690672.125,3116583.5,-2.1
30,690771.9375,3115169.25,-1.913
31,690841,3121087.5,1.054
32,690850.5625,3121793.5,2.604
33,691089.875,3118369.25,-1.703
34,691078.1875,3114774,-1.656
35,691084.8125,3118867,-0.714
36,691111.8125,3117515.75,-1
37,691304.1875,3115348,-1.75
38,691329.4375,3121194.5,1.192
39,691329.9375,3121935.5,2.176
40,691431.6875,3116040.75,-1.906
41,691384.5,3114378.75,-0.951
42,691555,3119037,-0.699
43,691686.5,3114848,-1.428
44,691728.1875,3118132.75,-1
45,691690.75,3113983.5,-1.501
46,691595.9375,3116802.25,-1
47,691817.875,3121301.5,1.109
48,691923.375,3122113.75,3.019
49,691997.0625,3113588.25,-2.151
50,692230.5,3118610.5,-1
51,692056.125,3115478.5,-1.365
52,691859.5625,3117447.5,-1
53,691953.0625,3114303,-1.573
54,692343,3114805.25,-0.767
55,692306.25,3121408.25,1
56,692160.9375,3116255,-1
57,692357.75,3119366,-0.79
58,692530.5625,3121957.25,1.521
59,692339.3125,3116971,-1
60,692642.4375,3112907.5,-2.366
61,692755.6875,3115242.25,-0.5
62,692616.5,3114214.5,-1.464
63,692814.3125,3119569.75,-0.202
64,692710.6875,3115811,-1
65,692522.5625,3117816.25,-1
66,692988.875,3118700,-1
67,692950.0625,3121056.75,-0.5
68,692977.8125,3121603,1.754
69,693024.875,3112585.5,-1.985
70,692832,3116426.25,-1
71,693199.5,3115498.5,-0.5
72,693065.0625,3117078.25,-1
73,692990.1875,3114744.75,-1
74,693023.9375,3113588.5,-2.028
75,693234.6875,3115115.25,-0.503
76,693572.9375,3119271.5,-0.997
77,693259.875,3115965.75,-0.977
78,693391.6875,3114257,-1
79,693407.3125,3112263.5,-1.554
80,693420.3125,3119874.75,1.176
81,693474.0625,3121542,1.064
82,693483.1875,3112887.75,-2.431
83,693532.4375,3120779.25,0.96
84,693446.4375,3117773.75,-1
85,693456,3116476.25,-1
86,693607.5625,3115600.25,-0.324
87,693628.3125,3115257,-0.323
88,693599.625,3114834,-1
89,693721.1875,3120274,1.274
90,693753.6875,3115982,-0.938
91,693794.0625,3117006.5,-0.998
92,693789.75,3111941.5,-1.646
93,693977.6875,3118492.5,-0.925
94,693882.375,3115350.5,1.049
95,693874.875,3112399.75,-2.518
96,694012.9375,3113675.75,-1
97,693921.75,3115547.25,0.211
98,694106.8125,3114485.25,-0.855
99,694219.5625,3119199,-0.936
100,694017,3119793.25,-0.801
101,694031.1875,3116398.5,-1
102,694172.25,3111619.25,-1.72
103,694245.6875,3115904,-0.533
104,694246.1875,3115144,1.115
105,694330.1875,3117549.25,-0.524
106,694299.25,3120484.5,-0.677
107,694293,3121363.5,0.766
108,694298.125,3112112.5,-2.784
109,694435.5,3116762.5,-0.004
110,694469.75,3115427.75,0.446
111,694624.4375,3118172.5,0.587
112,694964.8125,3113510.5,-0.534
113,694502.25,3116260.75,-0.597
114,694395.9375,3112793.5,-1
115,694554.6875,3111297.25,-1.468
116,694661.5,3118781.75,0.689
117,694724.0625,3114207,-0.63
118,694666.375,3114794.5,1.002
119,694688.625,3121669.25,1.385
120,694704.0625,3121022.25,-0.428
121,694795.5,3115807,-0.003
122,694937.125,3110975.25,-1.507
123,694952,3116927,1.152
124,694840.0625,3112236.5,-1
125,695003.3125,3116432.25,1.191
126,694715.8125,3111683.5,-2.501
127,694958.1875,3120504,-0.638
128,695071.375,3118328.25,1.383
129,695081.3125,3117710.25,1.301
130,695086.5625,3114523.5,1.384
131,694868.6875,3119656,-0.796
132,695207.1875,3118841.75,1.382
133,695245,3121607,1.41
134,695281.1875,3121090,-0.34
135,695297.8125,3112732.75,-0.994
136,695506.75,3114252.5,1.067
137,695492.625,3111860.75,-2.259
138,695637.6875,3120266.75,1.339
139,695678,3110521.75,-1.327
140,695731.25,3121490.75,1.175
141,695851.375,3113401.25,-0.145
142,695949.375,3119376.25,1.383
143,696003.4375,3121070.25,0.901
144,695980,3111046,-1.794
145,696147.4375,3110349.5,-1.324
146,696186.25,3120335.25,1.022
147,696216.8125,3119836.25,1.332
148,696242,3112593.25,-0.787
149,696435.5,3111758,-1
150,696438.8125,3113984,0.474
151,696657.9375,3113335,0.008
152,696501.6875,3110689.25,-1.262
153,696616.875,3110177.5,-1.854
154,696667.75,3111167.25,-1.695
155,696920.625,3113866,2.94
156,696905.6875,3112244.75,-1
157,697053.1875,3112820.5,-0.308
158,697086.3125,3110005.25,-1.887
159,697096.5,3110706.25,-2.017
160,697324.9375,3111636.5,-1
161,697441.75,3113344.75,1.104
162,697586.375,3110332.25,-2.013
163,697472.75,3112415,-1
164,697555.75,3109833.25,-1.876
165,697599.0625,3112990.75,0.964
166,697826,3122469,0.135
167,697891.625,3110935.75,-1.805
168,697912.125,3112170.5,-0.657
169,697923.5625,3113148.25,0.885
170,698025.1875,3109661,-1.975
171,698041.5,3112627,0.41
172,698301.75,3110181.25,-2.01
173,698222.875,3122363,0.674
174,698233.4375,3122955.75,1.098
175,698217.5625,3111693.5,-0.536
176,698326.6875,3112823.75,-0.021
177,698484,3113226.75,0.924
178,698602,3114308.25,0.602
179,698651.5,3122686,0.792
180,698504,3112481.25,-0.45
181,698730.875,3123183.25,0.748
182,698736.5,3116322.5,0.622
183,698798.625,3113787.25,0.41
184,698820.8125,3123575,1.387
185,698822.625,3111065,-1
186,698849.9375,3111872.25,-1
187,698934,3109340.25,-1.947
188,699005.125,3115950.5,0.006
189,698996.4375,3113045.5,-0.327
190,699073.8125,3115168.25,0.125
191,699210.25,3118040.75,1.223
192,699296.5625,3110101,-1.861
193,699238.875,3122818.25,0.247
194,699203.75,3112390,-0.205
195,699278.0625,3117647.75,1.11
196,699350.375,3116772.25,0.896
197,699387,3123638.5,1.35
198,699263.125,3114169.75,-0.343
199,699407.5625,3109179.75,-1.804
200,699501.6875,3111732,-1
201,699699.25,3110938.5,-1
202,699401.625,3113503,-0.5
203,699601.75,3117137.25,0.552
204,699773.1875,3115897.5,-0.5
205,699586.5,3112885,-0.352
206,699922.3125,3109678.5,-1.8
207,699766.3125,3118174.25,1.639
208,699784,3112323.75,-0.351
209,699768.0625,3113823.5,-0.388
210,699953.9375,3123218.5,-0.5
211,699833.125,3122477,1.394
212,699988.6875,3110323.5,-1.8
213,699881.125,3109019.25,-1.8
214,699934.5625,3114428,-0.5
215,700059.6875,3116626.75,-0.5
216,699952.25,3111964.25,-0.999
217,699996.9375,3113307.75,0.379
218,699984.4375,3115157.75,-0.5
219,700066.3125,3123953.5,1.341
220,700325.5625,3117296.75,-0.5
221,700186.6875,3122123.5,0.17
222,700244,3113708.5,0.377
223,700320.8125,3109388,-1.8
224,700136.3125,3112740.5,0.1
225,700199.875,3111570.5,-0.999
226,700351.125,3118814.75,1.128
227,700354.75,3108859,-1.765
228,700362,3113423.5,0.687
229,700323.5,3112230.5,-0.581
230,700469.6875,3122797,-0.5
231,700386.0625,3110838.75,-1
232,700564.9375,3114187,-0.5
233,700480,3113069.5,0.282
234,700639.0625,3110060.25,-1.676
235,700540.25,3121770,1.109
236,700496.8125,3115513.25,-0.5
237,700442.25,3116093.75,-0.5
238,700559.625,3124352,1.077
239,700593.375,3117981.25,-0.5
240,700647.125,3112627,1.237
241,700643.75,3114781.25,-0.5
242,700728.5625,3123626.5,-0.5
243,700701.0625,3111918.5,-0.993
244,700715.25,3119172.25,1.019
245,700783.25,3122352.5,-0.5
246,700806.6875,3109323.25,-1.755
247,700828.3125,3108698.5,-1.698
248,700835.1875,3111370.75,-1
249,700843.8125,3112469.75,0.244
250,700843.8125,3113826.5,0.959
251,700893.75,3121416.5,1.06
252,700951.75,3125796.5,1.204
253,700954.5,3110769.75,-1
254,700948.9375,3118434.25,-0.5
255,700864.75,3116563,-0.5
256,701000.9375,3124796.5,0.505
257,701067.625,3117297.75,-0.15
258,701035.875,3125295,0.195
259,701100.5625,3117870.5,-0.49
260,701332.5,3122983.5,-0.5
261,701288.5,3109756.75,-1.766
262,701016.9375,3115868.25,-0.5
263,701120.1875,3115281.25,-0.5
264,701158.4375,3114190.25,1.261
265,701224.5625,3124316.25,-0.5
266,701302.8125,3111950.5,-0.998
267,701191.5,3119495,1.003
268,701246.9375,3114711.5,0.279
269,701247.3125,3121062.75,1.15
270,701280.375,3126203,1.166
271,701301.875,3108538,-1.529
272,701343.5625,3112484.5,1.037
273,701350.25,3120177.75,1.299
274,701387.0625,3122088.5,-0.5
275,701387.625,3118085.5,-0.5
276,701548.75,3121516,-0.5
277,701445.125,3110402.75,-1
278,701493.25,3123765.25,-0.5
279,701467,3111176.75,-1
280,701408.625,3109177.75,-1.581
281,701545.8125,3118680.75,-0.5
282,701506.0625,3124968.5,-0.5
283,701505.1875,3117554,0.175
284,701522.25,3117189.25,0.862
285,701482,3125625.75,-0.5
286,701561.5625,3116628.75,1.157
287,701579.75,3116129.25,1.151
288,701597.875,3115629.5,0.563
289,701600.875,3120709.25,0.131
290,701718.875,3115183.5,1.2
291,701742.4375,3126650.25,0.083
292,701948.625,3121173.25,-0.5
293,701806.6875,3127277.75,1.272
294,701932.5625,3119405.25,-0.5
295,701837.625,3117887.5,-0.1
296,701843.3125,3112499.5,0.462
297,701883.4375,3126102.75,-0.5
298,702178.5625,3110833,-1
299,702093.875,3120116,-0.5
300,702143.0625,3109819.75,-1.486
301,702160.1875,3118764.75,-0.458
302,702085.75,3111733.25,-0.974
303,702102.875,3108262.5,-1.453
304,702083.3125,3108929.5,-1.439
305,702122,3123511.5,1.439
306,702058.8125,3124388.75,-0.498
307,702148,3127202.5,1.378
308,702161.3125,3126707,0.749
309,702192.9375,3118202,-0.119
310,702373.875,3120679,-0.5
311,702343.8125,3122743.25,1.401
312,702503.9375,3119614.5,-0.5
313,702446.5,3123904.75,1.236
314,702447.1875,3118547.5,0.941
315,702234.3125,3125388.75,-0.5
316,702400.25,3126041.5,-0.5
317,702267,3121838.25,-0.5
318,702801.75,3120110.25,-0.5
319,702574.5625,3108096.5,-1.483
320,702868.25,3110461.25,-1.142
321,702660.6875,3112535,0.217
322,702682.4375,3118988.5,0.493
323,702682.4375,3124347.25,1.609
324,702653.8125,3121234.75,-0.5
325,703062.0625,3111404.75,-1.003
326,702761.125,3124907.75,0.128
327,702723.3125,3109226.5,-1.235
328,703144.5,3120730,-0.5
329,702797.0625,3125763.5,-0.5
330,702964.875,3126945,0.156
331,702925.25,3126245,-0.5
332,702983.5625,3122387.75,2.108
333,702820.0625,3108552.25,-1.157
334,703008.9375,3119452.25,1.006
335,703003.25,3121724.75,-0.497
336,703046.25,3107930.75,-1.142
337,702985.75,3125310.75,-0.5
338,703149,3109771.25,-1.383
339,703199.5625,3127526,-0.066
340,703185.6875,3121262.75,-0.211
341,703282.25,3124947,0.068
342,703388.625,3122083.75,2.527
343,703400.25,3125025.75,0.473
344,703412.125,3113075.5,1.145
345,703439.5625,3125832,0.094
346,703439.5625,3128152.5,1.334
347,703644.625,3112307.25,-0.464
348,703421,3109060,-1.128
349,703517.875,3107764.75,1.279
350,703540.75,3121541.25,1.413
351,703606.6875,3113551.25,0.965
352,703586.1875,3121083,0.028
353,703685.375,3120070.25,1.017
354,703724.6875,3120670,1.325
355,703808.4375,3110477.25,-0.5
356,703788.5625,3126181.75,1.367
357,703789.1875,3108359.25,1.229
358,703930,3109582.5,-1.366
359,703960.6875,3121063.25,0.517
360,703960.6875,3121230.5,1.105
361,704000,3128467,0.755
362,704020.625,3127872.75,-0.5
363,704188.1875,3111486.75,-0.568
364,704044.875,3112987.25,-0.497
365,704114.5625,3108868.75,1.385
366,704118,3126886.5,0.978
367,704118,3127307,0.089
368,704167.125,3114151,0.934
369,704298.375,3129350.5,1.715
370,704377.125,3113580,-0.12
371,704499.625,3112354.5,1.364
372,704463,3129896.25,1.439
373,704495.3125,3109970,-1.24
374,704479.5,3114541.5,0.472
375,704560.4375,3127670.75,2
376,704591.6875,3109347.25,-1.125
377,704609.375,3130374.25,1.535
378,704729.125,3113054.5,0.103
379,704700.125,3129116.75,1.684
380,704766.9375,3114111.75,0.125
381,704766.9375,3128349,0.589
382,704806.25,3128113.25,2.094
383,704818.5625,3114914,0.842
384,704948.0625,3113624.5,-3.934
385,704841.3125,3129596.5,1.439
386,704913.125,3130658.5,1.647
387,705148.1875,3111713.75,-0.953
388,704982.4375,3130076.25,1.529
389,705242.8125,3112577,-0.297
390,705042.25,3114062.5,1.397
391,705160.25,3115390,0.983
392,705180.1875,3109779.75,0.036
393,705262.125,3113203.25,1.328
394,705199.5625,3114544.25,1.23
395,704966.3125,3110663.75,-0.822
396,705510.8125,3113735.5,1.423
397,705445.375,3114347.75,-3.644
398,705563.375,3115704.5,1.381
399,705937.875,3112110.75,-0.771
400,705642,3115183.5,1.394
401,705879.875,3113025.25,-0.61
402,705723.875,3114763,-0.048
403,705889.5625,3110128.75,0.731
404,706070.25,3113667.25,-0.722
405,705927.625,3114218.5,1.117
406,706002.3125,3115178.25,0.115
407,706054.3125,3111089.5,-1.015
408,706238.4375,3114764.75,-0.337
409,706310.9375,3115579.5,-1.209
410,706456.125,3113323.5,-1
411,706622.5625,3111700.5,-0.38
412,706576.875,3114033.5,-1
413,706698.0625,3110377,-0.806
414,706679.3125,3112559,-1
415,706888.3125,3116293.5,1.165
416,706889,3114815.5,-0.999
417,707074.125,3113332.5,-1
418,707181.75,3115521.25,1.394
419,707117.8125,3110931.75,-0.852
420,707323.4375,3111811.5,0.463
421,707382.5625,3114111.75,-1
422,707402.0625,3116628.75,0.364
423,707441.375,3116943.5,0.243
424,707556.375,3116058,-0.469
425,707461.3125,3112609.25,-0.797
426,707643.3125,3114882,-0.981
427,707888.6875,3113357.75,-0.628
428,707802.6875,3115499.5,0.941
429,707756.75,3112061,1.375
430,707838.1875,3117420.75,-0.079
431,707811.75,3116462.75,-0.202
432,708045.4375,3112533.5,1.385
433,708251.5625,3115942.5,-0.525
434,708223.375,3114249.75,-1
435,708380.5,3115093.75,-0.966
436,708286.9375,3117985.75,0.605
437,708309,3113019,1.325
438,708407.375,3116741,-0.444
439,708564.5625,3117456,-3.09
440,708654,3118325.25,1.012
441,708725.125,3113648.5,1.225
442,708785.125,3150650.5,1.325
443,708760.4375,3116156.75,-0.495
444,709085.5,3150729.25,1.259
445,709087.75,3118639.25,0.573
446,709041.875,3115584.5,-0.891
447,709040.375,3117945.25,-1.561
448,709320.1875,3114404.5,-1.096
449,709234.6875,3148816,1.212
450,709320.75,3150111.75,1.334
451,709249.9375,3117187.25,-0.864
452,709359.5625,3113237.5,-0.748
453,709459.5625,3149335.25,1.372
454,709341.0625,3116359.5,-1
455,709525.875,3118949.25,0.87
456,709585.25,3148280.25,1.254
457,709682.3125,3118337,-0.801
458,709700.6875,3150121.25,1.308
459,709720.8125,3145287.5,0.17
460,709773.75,3147787.5,1.234
461,709805.1875,3144762.25,0.011
462,709823.3125,3146271.25,1.171
463,709831.4375,3147159.75,1.252
464,709756.9375,3117685.75,-0.768
465,710197.4375,3115550.75,-1.028
466,709952.4375,3148847.75,1.075
467,710108.9375,3119384.5,1.396
468,710118.25,3112724.5,-0.953
469,710171.0625,3144005.5,1.766
470,710032.625,3113580,-1.069
471,710389.3125,3116936,-1
472,710496.4375,3147513.75,1.018
473,710371.625,3149408.5,1.112
474,710413.9375,3145239.75,0.028
475,710645.1875,3146764,1.597
476,710260.1875,3118780.25,-0.796
477,710495.4375,3119701.75,1.061
478,710404.5,3148255.75,1.002
479,710566.25,3143699.25,1.175
480,710601.125,3112421.5,-0.259
481,710659.125,3148991,1.002
482,710602.625,3144415,-0.013
483,710422.8125,3118023,-0.576
484,710600.875,3114291.75,-1.11
485,710764.1875,3113241.75,-1.1
486,710881.875,3120019,0.986
487,710952.0625,3145894.75,-0.004
488,710735.4375,3119336.25,-1.558
489,711138.625,3116109.5,-1.168
490,711007.625,3143336.5,0.034
491,711059.875,3147868,1.053
492,711263.9375,3147248,1.002
493,711079.875,3143977,-0.104
494,711128,3111771.25,0.126
495,711085.875,3118651.5,0.892
496,711228.9375,3149135.5,1.016
497,711491.5,3112627.5,-0.971
498,711579.5625,3144807.25,-0.293
499,711403.875,3120266.75,0.449
500,711423.1875,3111333.5,-1.5
501,711362.1875,3117747.75,-1
502,711482.5,3142714.25,0.108
503,711503.9375,3146496,0.046
504,711580.3125,3119481.25,1.396
505,711304.625,3148501.75,1.074
506,711740.75,3113805,-1.125
507,711643.25,3143626.5,-0.262
508,711807,3142389.75,0.673
509,711746.25,3145790.25,-0.132
510,711816.3125,3148893.5,0.831
511,711829.8125,3147820.75,1.038
512,711855.25,3111839.75,-0.553
513,711645.3125,3116823.75,-1
514,711550.125,3115168.75,-1.169
515,711894.6875,3111146.25,-0.621
516,711911,3116069,-1
517,712154.375,3118539.5,-0.62
518,712019,3120750,1.16
519,712052.875,3112390,-0.9
520,712324.9375,3120182.75,1.396
521,712193,3143014,-0.36
522,712133.8125,3148548.25,0.78
523,712239.625,3141790,0.714
524,712048.3125,3147025.25,0.465
525,712327.9375,3145500.5,-0.269
526,712298.25,3112923.75,-1.025
527,712475.875,3119373.5,-0.714
528,712396.5,3121587,1.372
529,712429.6875,3111440.25,-0.283
530,712455.3125,3148087.75,0.687
531,712528.1875,3142420,-0.35
532,712367.875,3146253.5,-0.027
533,712524.75,3120945.25,1.084
534,712516.8125,3143910.75,-0.5
535,712542.6875,3147466.25,0.501
536,712566.625,3112168.75,-0.672
537,712688,3150792.75,0.612
538,712707.8125,3150551.5,0.396
539,712475.4375,3117512.75,-0.387
540,712738.4375,3150321.5,0.644
541,712742.5,3121948,1.243
542,712760.75,3141229.75,0.375
543,712625.375,3115674.5,-1
544,712595.375,3116568,-1
545,712788.3125,3150179.75,0.005
546,712933.5,3144909.75,-0.493
547,712865,3150064.5,-0.062
548,712781.75,3146867,0.612
549,712934.6875,3118149,-0.695
550,712927.4375,3150217,-0.2
551,712948.4375,3111627.5,0.214
552,712967.25,3149969.75,-0.055
553,713012.5625,3145741.5,-0.182
554,712637,3114681,-1
555,712995.0625,3147758.25,0.706
556,713006.5625,3121387.75,0.902
557,713117.1875,3120659.5,-0.485
558,713014,3150096.75,-0.177
559,713013.1875,3150749,-0.2
560,713153.5,3119802.75,-0.605
561,713060.4375,3151269.75,0.874
562,713014.3125,3150431,-0.2
563,713075.8125,3149879,-0.024
564,713094.375,3112850,-1
565,713154.1875,3146353.75,0.05
566,713145.875,3147238.5,0.674
567,712843.4375,3113701.25,-1
568,713144.4375,3150209,-0.2
569,713166.0625,3150023,-0.178
570,713180.25,3143022.5,-0.587
571,713287.375,3112110,-0.657
572,713166.25,3118861.25,-1
573,713242.5,3141072.25,0.114
574,713245.0625,3150595.5,-0.226
575,713363.5,3150853,-0.379
576,713343.3125,3122541,1.295
577,713323.6875,3150373.5,-0.201
578,713221,3141884.25,-0.538
579,713373.8125,3149869.5,0.368
580,713421,3150113.25,-0.153
581,713428,3111477.25,0.013
582,713431.625,3146865.5,2.138
583,713283.4375,3117683,-0.142
584,713665.6875,3145457.75,-0.216
585,713496.75,3149751.25,-0.35
586,713352.6875,3117078.5,-0.305
587,713510.6875,3150571,-0.478
588,713511.3125,3149384.75,0.22
589,713529.875,3149576.25,-0.187
590,713557.125,3140669.25,0.757
591,713571.5,3144084,-0.536
592,713626.0625,3145973.75,-0.022
593,713593.875,3118148,-0.643
594,713607.375,3151607.25,0.949
595,713606.5625,3150320.75,-0.339
596,713628.4375,3122234.75,1.395
597,713496.25,3115311.5,-1
598,713635.8125,3149888.25,0.018
599,713663.375,3149688.25,0.019
600,713696.8125,3150109.25,-0.365
601,713730.6875,3121290.5,-0.512
602,713954.375,3142497.75,-0.787
603,713705.4375,3146421,2.041
604,713562.5,3116249,-0.272
605,713706.8125,3148909.25,0.165
606,713962.5,3120348,-0.584
607,713874.3125,3119391.75,-0.595
608,713611.4375,3151150.75,-0.552
609,713565.875,3114424.25,-1
610,713740.0625,3150782,-0.695
611,713846.1875,3112673.5,-0.761
612,713692.625,3141277.25,-0.54
613,713774.375,3149507.5,0.633
614,713840.625,3111863.25,0.586
615,713918.6875,3149967.75,-0.515
616,713785.25,3150501.25,-0.695
617,713880.0625,3149718.5,0.165
618,713860.3125,3144867.25,-0.444
619,713901.9375,3150256.75,-0.607
620,713724.3125,3113523,-0.97
621,713894.5625,3151352.75,-0.552
622,713934.25,3149186.25,0.238
623,714092.375,3145816.75,0.064
624,713977,3118624,-0.651
625,714060.3125,3117526.25,0.511
626,714276.8125,3143347,-0.687
627,714002.625,3151039.75,-0.627
628,714127.5625,3149491.25,0.238
629,714107.6875,3148650.5,0.413
630,714112.375,3151927.25,0.72
631,714025.125,3151598.75,-0.519
632,714166.375,3121902.75,-0.049
633,714126.125,3146051.75,1.686
634,714139.25,3116932,0.046
635,714141.75,3118045.5,-0.51
636,714160.4375,3149767.25,0.106
637,714197.875,3122746,1.396
638,714169.625,3141764,-0.875
639,714230.1875,3152009.25,0.917
640,714233.125,3115091.75,0.539
641,714237.1875,3150065.75,-0.538
642,714226.25,3151366.75,-0.589
643,714167.0625,3150575.75,-0.92
644,714295.5625,3140259.25,1.183
645,714285,3151740,-0.522
646,714353.75,3115748.25,0.359
647,714389.25,3151934.5,-0.423
648,714272.8125,3140996.5,-0.621
649,714367.8125,3152098.25,1.337
650,714476,3119712,-0.478
651,714374.8125,3116430.75,-0.098
652,714377.5625,3149174.5,0.768
653,714376.3125,3151011.25,-0.92
654,714494.875,3151543.5,-0.59
655,714461.1875,3114237.5,-0.527
656,714473.0625,3152163,-0.304
657,714469.5,3145437.5,0.029
658,714481.375,3124711,1.128
659,714516.6875,3151799.25,-0.56
660,714546.6875,3152025.75,-0.536
661,714510.5,3119002.5,-1
662,714505.375,3151281.75,-0.881
663,714534.75,3113251.5,-0.619
664,714574.4375,3146163,1.859
665,714575.375,3118294.25,0.646
666,714595.8125,3112443.5,0.064
667,714600,3123301.5,1.329
668,714636.25,3150233,-0.597
669,714621.5,3152246.75,0.824
670,714625.375,3124158.75,0.227
671,714638.75,3149593.75,0.818
672,714656.75,3150715.5,-0.92
673,714677.75,3151877.75,-0.61
674,714706.6875,3151673.75,-0.614
675,714503.0625,3121210,-0.525
676,714661.375,3144447.25,-0.453
677,714771.625,3122033,-0.482
678,714717.375,3139990.75,0.589
679,714780.5,3152060.25,-0.576
680,714699.9375,3151087.5,-0.92
681,714766.5625,3124426,0.973
682,714729.3125,3151400,-0.909
683,714791.5,3152317,0.794
684,714915.25,3122759,-0.535
685,714924.0625,3142471.5,-0.98
686,714838.3125,3151829.5,-0.62
687,714933.625,3113777.25,-0.118
688,714944,3152182.5,-0.515
689,714955.5625,3123701.75,1.393
690,714953.0625,3141456.5,-1
691,714964.1875,3152384.25,0.789
692,715369.4375,3143558.75,-0.63
693,714979.9375,3115124.75,0.025
694,714882.9375,3120368.75,-0.498
695,714992.8125,3131134.5,-0.479
696,714995.8125,3112743.5,1.227
697,715002.5,3149957.75,0.198
698,715149.75,3119449.25,-0.62
699,715010.6875,3118544.5,0.824
700,714982.875,3151593.25,-0.901
701,715033,3131656.25,-0.483
702,714945.8125,3150896.25,-0.92
703,714986.1875,3151219.5,-0.92
704,715043.875,3151942.25,-0.611
705,715256.625,3114469.5,-0.494
706,715140.0625,3152209,-0.531
707,715139.625,3152451.75,0.405
708,715145.9375,3146810.75,1.812
709,715146.0625,3123644.5,1.289
710,715129.3125,3146026.25,1.5
711,715096.1875,3123311,-2.414
712,715186.3125,3113362.75,0.553
713,714968.75,3140553.25,-0.605
714,715199.1875,3139745,0.907
715,715302.875,3145285,1.511
716,715238.3125,3130607.5,-0.495
717,715238.5,3124190,0.55
718,715115.1875,3150490,-0.59
719,715287.4375,3151716.5,-0.92
720,715278.8125,3146963.75,1.793
721,715333.6875,3152004.75,-0.599
722,715288.375,3151372,-0.92
723,715329.8125,3152550.25,0.255
724,715342.875,3122262.5,-0.939
725,715366.375,3132116.5,-0.496
726,715270.875,3150968.75,-0.92
727,715381.875,3147086.75,1.767
728,715504.375,3121317.5,-1.115
729,715501.5625,3147191.75,1.74
730,715510.0625,3151825.5,-0.7
731,715525.125,3118939.75,0.518
732,715415.125,3152289,-0.562
733,715519.875,3146536,1.777
734,715563,3124426,0.357
735,715617.875,3131464,-0.805
736,715577.5,3113983.25,0.139
737,715779.25,3144550.75,0.541
738,715477.625,3123559.5,-0.401
739,715565.75,3151560.75,-0.92
740,715482.8125,3122899.5,-0.922
741,715581.25,3141075,-1
742,715641.625,3149997,0.11
743,715655.625,3139528.25,1.454
744,715680.6875,3130163,-0.564
745,715652.375,3150661.75,-0.861
746,715605.4375,3152045.5,-0.62
747,715626.1875,3152476,-0.615
748,715726.0625,3115188.25,0.447
749,715701.875,3120175.25,-0.61
750,715752.6875,3132439.5,-0.374
751,715943.375,3142797.5,-0.802
752,715637.25,3151172.5,-0.793
753,715757.9375,3151800,-0.73
754,715791.375,3152742.75,0.73
755,715763.25,3145926,1.469
756,715722.3125,3146995.75,1.704
757,715731,3152286,-0.619
758,715861.375,3114505.5,0.677
759,715762.125,3140349.75,-0.783
760,715877.625,3124111.25,0.617
761,715932.1875,3130623.25,-1
762,715863.5,3152512.25,-0.026
763,715801.9375,3141879,-1
764,715922.875,3152783.75,0.841
765,715884.9375,3152068,-0.589
766,715941.1875,3119402,0.457
767,715965.125,3147655.25,1.607
768,715913.4375,3151478.5,-0.562
769,715968,3152691.5,0.609
770,715990.75,3152325.5,-0.336
771,716040.4375,3122303.5,-1.391
772,716014.75,3145321.75,1.096
773,716027.0625,3152815.5,0.934
774,716033.125,3132926.25,-0.476
775,716044.75,3124750.5,0.289
776,716016,3131935.75,-0.917
777,716073.75,3152551.5,0.035
778,716068,3151821.5,-0.295
779,716079.6875,3146493,0.59
780,716024.5,3123201.25,-0.892
781,716114.625,3129741.75,-0.499
782,716125.1875,3129155.25,-0.541
783,716129.5,3152743.5,0.813
784,716159.5,3152877.25,0.83
785,716156.5625,3152130,0.326
786,716132.5625,3150993.25,1.339
787,716234.875,3152405,1.026
788,716202.0625,3137424.5,1.086
789,716202.0625,3138112.75,1.342
790,716202.0625,3149721.75,-0.11
791,716116.75,3150349.75,-0.562
792,716255.75,3152631.25,1.138
793,716241.4375,3125311,1.192
794,716411.875,3121511.75,-1.684
795,716280.75,3136913.25,-0.13
796,716293.0625,3152893.75,-1.566
797,716376.0625,3151929,-2.532
798,716371.5,3132400,-0.546
799,716345.3125,3133434.25,-0.491
800,716319.125,3151523.25,0.054
801,716352.75,3119838.5,0.029
802,716353.8125,3128698.25,-0.566
803,716329.375,3147043,1.594
804,716359.375,3124465.25,-0.647
805,716366.75,3131318.25,-1
806,716420.25,3141135.75,-1
807,716384.75,3152230.5,-2.786
808,716394.4375,3139004.75,0.115
809,716398.75,3149240,0.157
810,716442.375,3136369.75,-0.102
811,716454.0625,3148182.25,1.443
812,716477.375,3125910.75,0.441
813,716487.9375,3150134.25,-0.183
814,716695.375,3144953,0.434
815,716380.3125,3120675.75,-0.865
816,716530.25,3149115.25,0.19
817,716547.5625,3152562,1.58
818,716532.9375,3145894,1.187
819,716660.625,3147550.25,1.573
820,716631.625,3143739,-0.046
821,716605.9375,3122816.25,-1
822,716577.875,3135613,1.061
823,716608.5625,3152126.5,0.567
824,716705.0625,3151176.25,0.533
825,716605.1875,3126431.75,0.604
826,716606.9375,3135091.25,1.538
827,716609.9375,3133942.25,-0.446
828,716539.9375,3149501,-0.62
829,716644.5625,3134592.75,0.189
830,716523.875,3124926.25,-0.5
831,716583.8125,3150590,0.449
832,716659.4375,3148940.25,0.324
833,716622.8125,3132886.25,-0.616
834,716673.4375,3128274.75,-0.557
835,716719.5,3151741.5,0.561
836,716747.875,3140062.25,-1
837,716494.3125,3129288.25,-1
838,716633.0625,3149246.25,-0.616
839,716610.3125,3146563.75,1.444
840,716598.75,3129934,-1
841,716659,3149807.25,-0.534
842,716662.5625,3123517.25,-0.974
843,716620.8125,3131875.75,-1
844,716747.6875,3124191.75,-0.396
845,716788.6875,3148844.25,0.341
846,716989.8125,3142338.75,-0.839
847,716841.1875,3125792.75,0.143
848,716710.125,3137539.75,-0.756
849,716907.3125,3136979,-0.912
850,716806.6875,3149490.25,-0.614
851,716875.25,3148734.75,0.244
852,716878.0625,3150202.25,0.817
853,717015,3152169.5,0.592
854,716863.5,3149190.75,-0.62
855,716899.875,3148949.25,-0.547
856,716765.375,3128847,-0.943
857,716942.125,3126792,0.47
858,716938.375,3147000.75,1.419
859,716910.5625,3122115.75,-2
860,717016.125,3147926,1.549
861,717069.6875,3138302.25,-0.909
862,716994.375,3152739.25,1.673
863,716998.5,3125311,0.675
864,717022.6875,3127830.25,-0.46
865,717037.875,3126225.25,0.29
866,717039.1875,3149794,-3.161
867,717076.4375,3149115.75,-0.62
868,716847.6875,3130623.25,-1
869,717180.4375,3133333.75,-0.899
870,717136,3148870.25,-0.76
871,717087.5625,3120064.5,0.364
872,717105.5,3149402.5,-0.467
873,716975.3125,3124793.75,0.489
874,717278.5625,3134873.25,-0.866
875,717287.8125,3134172.5,-0.91
876,717182.5625,3150684.75,4.283
877,717205,3148433.5,0.536
878,717208.9375,3127301.25,-0.549
879,717245.625,3135660.5,-0.944
880,717280.9375,3126729.75,-0.509
881,717353.3125,3152484.75,0.741
882,717183.625,3132337,-0.928
883,717293,3151525,2.656
884,717260.6875,3147494.5,1.42
885,717316,3150202.75,1.038
886,717377.25,3149166,-0.531
887,717382.25,3148822,-0.756
888,717283.6875,3124422.75,0.549
889,717638.375,3141109.75,-1
890,717359.25,3125307.25,-1.732
891,717458.9375,3139214,-1
892,717391.8125,3122942.75,-1.366
893,717395.9375,3145613.25,0.491
894,717008,3129353.75,-1
895,717171.1875,3146388,1.238
896,717405,3153031,1.5
897,717405.8125,3126268.25,-0.5
898,717327.625,3123841,-0.915
899,717500.25,3147970,-0.502
900,717166.125,3131388,-1
901,717223.5,3121146.5,-1.52
902,717469.8125,3149658.5,1.097
903,717598.8125,3137506.25,-1
904,717504.4375,3136565.75,-1
905,717195.5625,3129974.25,-1
906,717598.125,3146964.25,1.054
907,717818.0625,3144599.25,-0.354
908,717572,3148679.75,-0.648
909,717620.875,3148960,-0.62
910,717588.6875,3152007.75,6.719
911,717297.4375,3128620.25,-0.761
912,717713.4375,3127903.5,-1.022
913,717728.8125,3148384.25,-0.605
914,717905.5,3140093,-1
915,717972.1875,3134532.5,-1
916,717554.75,3124931.25,-0.341
917,717914.25,3135190.75,-1
918,718041.25,3133760.25,-1
919,717763.5,3152476.25,6.43
920,717772,3125713.75,-0.659
921,717826.0625,3143376,-0.618
922,717850.625,3147555.5,-0.522
923,717827.6875,3120150,-0.084
924,717849.9375,3149333.5,1.522
925,717940.125,3148026,-0.601
926,717923,3148799,-0.719
927,717900.625,3127232,-1.006
928,718053.9375,3138436,-1
929,717928.625,3126397.25,-0.443
930,717813,3124355.5,-0.789
931,717837.75,3120539.25,-0.655
932,718008.9375,3126747.75,-1.017
933,718172.5,3132803.25,-0.971
934,717951.4375,3146291.75,0.778
935,717789.9375,3121974.25,-2
936,718416.375,3147055.75,-0.51
937,718146.625,3126120,-0.439
938,718232.75,3148396.75,-0.717
939,717696.625,3129458.25,-0.627
940,718067.1875,3123615.5,-1.48
941,718388.125,3147823.25,-0.578
942,718125.5,3124995.25,-0.835
943,718508.5625,3137761.75,-1
944,718206.5625,3145553.75,1.293
945,718394.875,3135919,-1
946,718327.625,3120156.5,-0.273
947,718437.8125,3136959.5,-1
948,717826.9375,3130501.5,-1
949,718378.625,3122719,-2
950,718667.0625,3142333.75,-0.833
951,718391.4375,3126431.75,-1.124
952,718202.75,3128674.75,-1.212
953,718631.3125,3134229.25,-1
954,718322.375,3125559.5,-1.201
955,718151.1875,3131671.25,-1
956,718543.25,3126948.5,-2.189
957,718680.0625,3134968.5,-1
958,718146.6875,3121144.75,-1.743
959,718533.4375,3149039.25,0.797
960,718582.1875,3139385.25,-1
961,718413.3125,3120572.5,-0.833
962,718883.0625,3148309.25,-0.504
963,718519.125,3124327.25,-1.467
964,718648.25,3127761.5,-1.725
965,719006.0625,3147597,-0.518
966,719100.0625,3140694.75,-1
967,718827.625,3120163,-0.494
968,718771.75,3125084.25,-1.373
969,718795.875,3125884.5,-1.095
970,718920.5625,3146175.75,-0.236
971,718688.5625,3121777,-2
972,718925.1875,3126492.25,-3.533
973,719003.5625,3133490.5,-1
974,719105.625,3138446.75,-1
975,718972.9375,3123507,-2
976,718946.75,3145089.25,0.63
977,719104.9375,3148936.25,5.798
978,718649,3129625,-0.751
979,718927,3120859,-1.201
980,719023.9375,3143869.75,-0.648
981,719273.5625,3136544.25,-1
982,719199.6875,3146981.75,-0.501
983,719346.5625,3137460.25,-1
984,719398.4375,3147951.75,-0.501
985,719364.3125,3124406.5,-2
986,719327.5625,3120169.5,-0.329
987,719475.1875,3132227,-1
988,719459.5,3134395,-1
989,719211.8125,3128680,-1.548
990,719082.6875,3130771,-1
991,719708.5625,3135544.25,-1
992,719510.5,3126171.25,-1.416
993,719517.6875,3148420.25,0.973
994,719503.5,3125332.5,-1.869
995,719385.125,3127025,-3.493
996,719557.5625,3120718,-0.999
997,719750.5,3147460.25,-0.5
998,719527.6875,3121467.75,-2
999,719580.8125,3127866.75,-2.142
1000,719361.4375,3122497.25,-2
1001,719827.5,3120176,-0.317
1002,719834.75,3147972.25,0.151
1003,719904.9375,3146620.5,-0.5
1004,719869.0625,3139426.25,-1
1005,719893.125,3144699.5,-0.51
1006,719818.4375,3145637.25,-0.5
1007,720147.1875,3123476,-2
1008,720074.75,3143929,-0.623
1009,720178.125,3120918,-1.287
1010,720241.9375,3133527.25,-1
1011,720271.25,3124711.75,-2
1012,719941.875,3143062,-0.87
1013,719873.1875,3129664,-0.202
1014,720146,3126556.75,-1.763
1015,720273.75,3138211.25,-1
1016,720480.3125,3136838.25,-1
1017,720311,3147786,2.344
1018,720327.5,3120182.5,-0.515
1019,720341.9375,3127378.25,-1.023
1020,720307.3125,3125736.5,-2
1021,720149.25,3141886,-1
1022,720474.875,3145971.5,2.35
1023,720317.125,3128488.5,-2.408
1024,720453.4375,3122037,-2
1025,720491.6875,3134610.5,-1
1026,720571.375,3146806,1.61
1027,720703.3125,3120644.5,-0.908
1028,720598.875,3147311.75,1.072
1029,721180.375,3135534.75,-1.524
1030,720770.375,3145267.5,1.852
1031,720521.0625,3130937.25,-1
1032,720849.875,3121200.75,-1.7
1033,720724.5625,3144404,-0.38
1034,720827.4375,3120189.25,-0.485
1035,721078,3124144.5,-2
1036,720790.375,3143610.25,-0.545
1037,721264.125,3139191,-1
1038,720946,3142743.75,-1
1039,721153.5625,3132388.25,-0.991
1040,721185.25,3126472,-2
1041,720888.9375,3140629.25,-1
1042,721333.75,3120732.5,-0.972
1043,721227.5,3125174.75,-2
1044,721437.4375,3127860,-1.341
1045,721327.375,3120195.75,-0.191
1046,721580.625,3121671.25,-2
1047,721364.125,3144789,3.593
1048,721457.75,3129481.75,-1.118
1049,721351.8125,3141852.75,-1
1050,721454.5625,3144129,-0.982
1051,721529.1875,3123027.75,-2
1052,721600.5,3143393.25,-1.261
1053,721868.4375,3134051.75,-1.464
1054,721924.5625,3144592.25,0.81
1055,721990.9375,3120971.75,-1.148
1056,721576.8125,3137905.75,-1.223
1057,721842,3142658.5,-0.89
1058,722056.8125,3120254.75,0.38
1059,722308.4375,3125650.75,-2
1060,721986.5,3141198.5,-1
1061,722474.625,3138818.5,-0.998
1062,722084.3125,3131091.25,-0.637
1063,722002.625,3136666.25,-1.704
1064,722449.125,3122292.25,-2
1065,722528.4375,3126947,-2
1066,722214.9375,3124332,-2
1067,722794.3125,3128392.5,-1.341
1068,722424.375,3144577.25,1.329
1069,722298.375,3142000,-1.07
1070,722458.1875,3121435.75,-1.603
1071,722730.6875,3132495.25,-1.281
1072,722530.8125,3135496.75,-0.958
1073,722525.3125,3120765,-0.823
1074,722544.1875,3120366.5,0.054
1075,722246.8125,3143231.5,-0.614
1076,722323.375,3143986,-0.542
1077,722501.8125,3140155.25,-0.983
1078,722608.625,3142729.5,-1.405
1079,723177.3125,3129938.25,-1.167
1080,722780.875,3123240.75,-2
1081,723142.6875,3134679.75,-1
1082,722924.125,3144562,-0.124
1083,722965.6875,3137709,-1.008
1084,723200.375,3139324.75,-0.977
1085,723031.5625,3120478.25,-0.278
1086,723070.3125,3121083.25,-1.075
1087,722891.625,3141355.5,-3.04
1088,723213.0625,3122547.75,-2
1089,723132.875,3121830.75,-1.673
1090,722859.6875,3143390.75,-0.618
1091,723339,3138624.75,-1
1092,723109.75,3142206,-0.979
1093,723282,3136513.5,-0.602
1094,723152.4375,3144011.75,-0.556
1095,723152.25,3124992.75,-2
1096,723295.0625,3142890.5,-1.028
1097,723423.875,3144547,0.955
1098,723475.9375,3133680.5,-1.233
1099,723518.9375,3120590,0.103
1100,723686.0625,3139922.25,-3.803
1101,723465.6875,3131306.25,-1.52
1102,723428.4375,3124093.5,-2
1103,723622.5625,3140801.75,-0.999
1104,723709.1875,3135534.25,-0.988
1105,723754.875,3121400.25,-1.147
1106,723531.875,3143495.75,-1.065
1107,724262.5625,3128806,-1.779
1108,723830.75,3141771.5,-0.991
1109,723734.25,3142489.25,-0.774
1110,724000.3125,3139103.5,-0.924
1111,723902.8125,3127321.75,-1.224
1112,724030.8125,3137267.5,-0.697
1113,723926,3143031.75,0.003
1114,723851.8125,3122224.75,-1.547
1115,723923.6875,3144531.75,1.751
1116,723851.8125,3144089,-0.629
1117,724129.1875,3134635.75,-0.925
1118,723542.5,3125985.25,-2
1119,724054.1875,3138167.5,-0.994
1120,724364.125,3139733.5,-0.851
1121,724106.1875,3143560.5,-1.686
1122,723850.6875,3123150.5,-1.996
1123,724427.4375,3140414.25,-1
1124,724336.6875,3132454,-1.448
1125,724378.9375,3143206.75,1.135
1126,724397.625,3141191.75,-0.994
1127,724401.25,3143959.75,-0.67
1128,724385.3125,3120883.25,0.102
1129,724266.9375,3124902.5,-1.773
1130,724423.4375,3144516.5,1.593
1131,724549.875,3141809.75,-0.721
1132,724305.25,3123942.75,-1.79
1133,724560.3125,3138671.75,-0.459
1134,724648.5,3133766.25,-0.85
1135,724453,3136407,-0.871
1136,724509.8125,3142547,0.572
1137,724547.1875,3143580.5,-0.772
1138,724599.125,3137661.75,-0.467
1139,724831.125,3137146.5,-0.676
1140,724589.375,3122630.25,-1.191
1141,724707.3125,3144135.75,1.16
1142,724717.625,3135473,-0.749
1143,724569.9375,3121789,-1.06
1144,724798.0625,3139280.5,-0.591
1145,724771.4375,3143876.5,1.103
1146,724805.5,3143314,0.572
1147,724819.8125,3143565.75,1.187
1148,724908.8125,3139946.5,-0.775
1149,724786,3123373.25,-1.069
1150,724884.125,3138133.75,4.766
1151,724917.125,3121296,-0.669
1152,725044.9375,3140417,-0.685
1153,724999.6875,3130551.5,-1.623
1154,724968.0625,3140887.5,-0.715
1155,724986.9375,3141466,-0.636
1156,725024.125,3142071.75,-0.054
1157,725064.8125,3138674,1.47
1158,725081.625,3134680.25,-0.714
1159,725096.1875,3126095.75,-1.787
1160,725292.6875,3133152.75,-0.678
1161,725195.5,3137593.75,0.525
1162,725194.125,3124193.5,-1
1163,725193.25,3127703.25,-2
1164,725229.3125,3122871.75,-0.637
1165,725242.5625,3121716.75,-0.854
1166,725248.5625,3122372,-0.727
1167,725398.8125,3136167.25,-0.49
1168,725201.5625,3136747,-0.534
1169,725322.25,3139168.25,2.086
1170,725365.9375,3139666.25,1.041
1171,725744.25,3132225.25,-3.867
1172,725150.0625,3125013.75,-1.312
1173,725508.1875,3128929,-2
1174,725452.5,3140168.25,0.717
1175,725534.1875,3135413.5,-0.519
1176,725467.9375,3140668,1.722
1177,725483.375,3141168,1.74
1178,725498.8125,3141667.75,2.455
1179,725506.875,3137202.5,0.587
1180,725547.4375,3123451.25,-0.431
1181,725575.125,3133993.5,-0.66
1182,725818.1875,3136811.25,0.507
1183,725885.5,3134798.75,-0.561
1184,725937.5,3135898.5,-0.313
1185,726053.9375,3126994,-2
1186,726159.3125,3133324.25,-0.376
1187,726129.5625,3136420,0.675
1188,726043.1875,3124863,-1.692
1189,726184.125,3135463.25,-0.31
1190,726259.9375,3123808.25,-0.838
1191,726336.3125,3128071.75,-2
1192,726753.8125,3131241.5,-1.318
1193,726383.5,3134239.25,-0.62
1194,726440.9375,3136028.75,0.668
1195,726617.3125,3125983,-2
1196,726554.625,3135002.75,-0.576
1197,726749.5,3129511.75,-2
1198,726752.25,3135637.5,0.515
1199,727026.6875,3127116.5,-2
1200,726917.4375,3124006.75,-0.8
1201,727037.1875,3133707.25,-0.331
1202,726923.5625,3132627,-0.997
1203,727067.3125,3124939.75,-1.63
1204,727169.5,3135915,0.494
1205,727033.0625,3135270.25,-0.397
1206,727089.625,3134608,0.991
1207,727486.4375,3128176.25,-2
1208,727425.75,3125569.25,-2
1209,727608.125,3126302.5,-2
1210,727576.8125,3136205,1.426
1211,727626.375,3124237.75,-0.698
1212,727996.25,3130473.5,-1.076
1213,727774.0625,3124978.25,-1.31
1214,727737.25,3133204,-0.973
1215,727599.375,3135187.5,0.447
1216,728058.375,3127170.75,-2
1217,727930.125,3134241,-1.984
1218,728166.125,3129138,-1.55
1219,728062.0625,3125643.5,-1.73
1220,727984.125,3136495,0.815
1221,727888.6875,3135862.5,-0.5
1222,728086.875,3124432.75,-0.679
1223,728109.9375,3132060,-1
1224,728458.875,3126331,-1.915
1225,728375.875,3125046.5,-0.946
1226,728582.0625,3128049.25,-1.678
1227,728391.4375,3136785,0.955
1228,728485.3125,3135228,0.479
1229,728517.0625,3136144,-0.301
1230,728582.125,3124581.5,-0.601
1231,728729.875,3125633,-0.958
1232,728876.8125,3134367.5,1.404
1233,728685.625,3133384.25,-0.761
1234,729041.6875,3129825.25,-1.735
1235,728798.75,3137075,0.956
1236,729156.75,3131064.25,-1.796
1237,729141.125,3128791.5,-1.098
1238,729106.6875,3126187,-0.947
1239,729020.25,3125009.25,-0.574
1240,729245.1875,3135817.5,0.552
1241,729188.1875,3127049.25,-1.246
1242,729340.25,3134975.75,-3.89
1243,729206.0625,3137365,1.032
1244,729452.375,3127968.5,-1.013
1245,729107.8125,3136675.75,0
1246,729517,3132424.5,-1.419
1247,729355.5625,3125581.25,-0.539
1248,729943,3134008.5,-0.771
1249,729613.4375,3137655,0.467
1250,729819.1875,3129248.75,-1.657
1251,729785.625,3128519.25,-1.235
1252,729726.625,3137119,0.183
1253,729869.625,3136425,-0.235
1254,729970.8125,3130235.5,-2
1255,729800.875,3126340.5,-0.547
1256,729882.1875,3127446.5,-1
1257,730151.125,3135456.75,-3.838
1258,730305.3125,3131366.25,-2
1259,730164.3125,3126900.75,-0.341
1260,730135.375,3127955.5,-1.06
1261,730901.5625,3132663.75,-1.438
1262,730269.4375,3136998.25,0.161
1263,730293.5625,3137595.5,0.887
1264,730380.125,3128632.5,-1.306
1265,730470.8125,3127358,-0.557
1266,730595.875,3129487.75,-1.695
1267,730825.6875,3134818.25,1.399
1268,730739.4375,3137369,0.57
1269,730717.8125,3136482.25,0.577
1270,730906.5625,3130420.5,-2
1271,730841.125,3127807.5,-0.741
1272,731016.9375,3137477.25,0.493
1273,731246.3125,3133977.25,-0.898
1274,731103.75,3128775.75,-1.145
1275,731116.5625,3135670.25,1.344
1276,731245.625,3137912,0.474
1277,731379.3125,3131388.5,-2
1278,731395,3129613.75,-1.237
1279,731449.25,3137082.5,0.246
1280,731429.1875,3136373.25,-0.513
1281,731515.3125,3137437.25,0.179
1282,731671.625,3134978.5,0.6
1283,731605.3125,3128184,-0.639
1284,731793.1875,3130430.5,-2
1285,731797.3125,3137920.5,0.504
1286,731868.375,3133232.75,-1.049
1287,731805.0625,3128928.5,-0.922
1288,731898.0625,3137329.5,0.344
1289,731904.125,3135912.25,-0.326
1290,732052.1875,3132248.75,-1.267
1291,731958.125,3136719.5,-0.931
1292,732055.625,3128401.5,-0.515
1293,732165.875,3129640,-1.063
1294,732267.75,3134161.25,-1
1295,732317.4375,3131201,-1.808
1296,732287.625,3137822.5,0.64
1297,732488,3137219.75,0.482
1298,732580.25,3136400,-0.503
1299,732505,3128956.5,-0.601
1300,732595.0625,3130318.5,-1.35
1301,732669.3125,3135331.5,-0.605
1302,732874.1875,3133112.5,0.525
1303,732901.875,3129591.5,-0.664
1304,733149.75,3137038.25,1.065
1305,732972.4375,3131893.75,-1.351
1306,733054.0625,3138009,0.431
1307,733312.375,3136179,-0.584
1308,733112.5,3130926.5,-1.224
1309,733279.625,3130122,-0.873
1310,733277.125,3134334.5,-0.998
1311,733672.25,3135354,0.807
1312,733485.125,3138262.25,0.452
1313,733815.6875,3136826,-0.598
1314,733648.125,3137595,1.365
1315,733728.8125,3131447.5,-1
1316,733749.5625,3132425.5,-1.056
1317,733781.8125,3130576.25,-1
1318,733987.0625,3136124.5,-0.62
1319,733916.25,3138515.5,0.398
1320,733932,3133491,-1.26
1321,734202.4375,3137352.75,-0.503
1322,734247.3125,3134557.25,-1.589
1323,734406.5625,3131844.75,-0.504
1324,734181.75,3138081.25,-3.919
1325,734347.3125,3138769,0.409
1326,734350,3131017.75,-1
1327,734583.4375,3132763,-2.078
1328,734594.4375,3136666.25,-0.113
1329,734540.5625,3135597.75,-1.114
1330,734778.375,3139022.25,0.758
1331,734772.1875,3137594.75,-0.5
1332,734900.8125,3138480,-3.546
1333,734891.0625,3131323.25,-0.379
1334,734860.6875,3133753,-2.195
1335,735136.5,3132091.25,-0.511
1336,735209.4375,3139275.75,0.969
1337,735201.4375,3134812.25,-2.027
1338,735451.25,3137892.75,-0.5
1339,735302.375,3137096,-0.035
1340,735415.5,3132972.5,-2.075
1341,735638,3131409.25,-0.5
1342,735640.5,3139529,0.597
1343,735541.0625,3136071.5,-1.658
1344,735565.5,3138724.5,1.358
1345,735784.3125,3133922.5,-2.2
1346,735884.625,3132234.75,1.405
1347,736013.6875,3138207.25,-0.29
1348,736153.125,3137254.5,-1.255
1349,736197.9375,3139855.75,1.151
1350,736177.3125,3138961.5,1.407
1351,736297.0625,3131559.75,0.212
1352,736243.6875,3133070,-1.879
1353,736234.8125,3134971.75,-2.146
1354,736576.875,3132305.25,0.902
1355,736629.4375,3140108.25,1.204
1356,736760.8125,3136101.5,-2.094
1357,736721.125,3138203,-0.701
1358,736808.5,3131778.5,1.124
1359,736749.875,3133956,-2.128
1360,736925.25,3139249.25,-0.174
1361,737281.375,3137209.25,-1.954
1362,737050.875,3133028.25,-0.557
1363,737060.875,3140361,1.533
1364,737222.625,3139865.75,-2.688
1365,737176.625,3132161,0.787
1366,737371.5,3134966.25,-2.2
1367,737492.3125,3140613.75,1.413
1368,737752.375,3139414.25,0.184
1369,737776.125,3138335.75,-1.504
1370,737745.0625,3140196,-3.441
1371,737814.125,3133777.5,-1.988
1372,737744.1875,3132899.25,0.248
1373,737983.0625,3136135,-2.181
1374,737923.8125,3140866.5,1.296
1375,738294.125,3137226.5,-2.114
1376,738312.125,3139792.75,-0.5
1377,738358.25,3133004.75,-0.002
1378,738533,3139046.75,-1.334
1379,738451.5625,3140457.5,1.408
1380,738737.8125,3133732.5,-1.523
1381,738686.375,3134856.25,-2.107
1382,738594.0625,3141255.25,1.292
1383,738925.8125,3138001.75,-2.046
1384,739055.4375,3140786,1.494
1385,739027.1875,3141505,0.727
1386,739078.6875,3139848.75,-0.687
1387,739255.875,3133081.75,-0.5
1388,739352.9375,3138887.5,-1.977
1389,739574.3125,3133942.25,-1.211
1390,739460.25,3141755,0.774
1391,739468.3125,3141157.25,-0.095
1392,739504.25,3136450.25,-2.19
1393,739819.8125,3134989.25,-1.59
1394,739713,3140492.25,1.426
1395,739755,3133111,-0.347
1396,740094.5,3138063.25,-2.175
1397,739893.375,3142004.75,1.119
1398,740248.5,3134287.5,-0.806
1399,740085.75,3141247.5,1.269
1400,740338.5625,3135561.75,-1.734
1401,740132.625,3139477.5,-1.752
1402,740457.1875,3140436.75,-0.861
1403,740623.625,3137050.5,-2.184
1404,740562.5625,3141767.75,-0.059
1405,740516.75,3133538.25,0.059
1406,740567,3134837,-0.915
1407,740663.6875,3142435.25,0.81
1408,740764.75,3134130.25,1.407
1409,740772.125,3136167.75,-1.994
1410,741029.75,3135365,-1.084
1411,740923.125,3138767.5,-2.153
1412,741308.875,3139846.5,-1.923
1413,741102.625,3142674.75,1.089
1414,741124.375,3142031,1.134
1415,741200.625,3134689,1.408
1416,741045.625,3141119.75,-0.43
1417,741199.25,3137808.5,-2.2
1418,741548,3136762.5,-2.094
1419,741541.5625,3142914.25,1.369
1420,741618,3142470.5,-0.991
1421,741588.5625,3135816,-1.325
1422,741711.625,3135117.75,0.096
1423,741754,3141718,-0.5
1424,742026.4375,3140790.5,-1.284
1425,741980.5625,3143153.75,1.561
1426,741880.5,3138641.75,-2.196
1427,742204.6875,3142331.25,1.343
1428,742125.8125,3137565.5,-2.176
1429,742216.375,3136117.5,-1.443
1430,742253.375,3135366,0.793
1431,742310.375,3136811.5,-2.051
1432,742419.5,3143393,1.643
1433,742496.125,3142820.5,-1.436
1434,742504.8125,3141565,1.035
1435,742696.9375,3139691.75,-2.143
1436,742724,3135535,-0.346
1437,742848.3125,3140802.25,-1.665
1438,742858.4375,3143632.5,1.379
1439,742874.8125,3142260.25,-0.476
1440,742873.875,3136413.75,-1.609
1441,742787.8125,3137198.5,-2.11
1442,743001.0625,3142964.75,1.407
1443,743028.9375,3138170.25,-2.2
1444,743320.75,3141487,-1.184
1445,743604.4375,3135788.25,-0.519
1446,743721.125,3144099.5,1.672
1447,743636.125,3143289.75,1.208
1448,743721.4375,3142392.25,1.369
1449,743692.6875,3140477,-2.046
1450,743600.1875,3137031.5,-2.04
1451,744282.25,3141425.75,-1.879
1452,744161.625,3144336,1.719
1453,744164.875,3146119.5,2
1454,744018.6875,3137947.75,-2.15
1455,744264.75,3135908.5,-0.479
1456,744258.125,3143667,1.249
1457,744256.625,3142982.75,-0.211
1458,744306,3136433,-1.294
1459,744449.0625,3145624.5,2
1460,744678.625,3142335.75,-1.193
1461,744595.1875,3146373,2.155
1462,744602.0625,3144572.75,1.707
1463,744581.5625,3137269.25,-2.026
1464,744665.25,3145173.5,2.115
1465,744092.75,3139114.75,-2.2
1466,744761.5625,3135965,-0.444
1467,744784.1875,3144064.25,-3.801
1468,744915.3125,3140340.25,-2.071
1469,745036.625,3146608,2.725
1470,744988.9375,3143229.25,1.293
1471,744995.1875,3145903.75,2
1472,745364.6875,3141521.75,-2.002
1473,744790.0625,3138153.5,-2.123
1474,745023.5,3136636,-1.42
1475,745162.25,3144623.75,1.603
1476,745558.6875,3145357,0.47
1477,745457.75,3142462,-1.694
1478,745478,3146842.75,2.49
1479,745532.0625,3143956,-0.408
1480,745666.4375,3146286,2
1481,745717.625,3136098,-0.297
1482,745506.625,3139021.75,-2.095
1483,745750.8125,3137414,-2
1484,745831.375,3144619.25,-3.444
1485,745955.3125,3143137.75,-1.348
1486,746054.1875,3147105.25,2.246
1487,746156.8125,3145795.75,0.222
1488,746301.25,3142086,-1.999
1489,746553,3140481.5,-1.875
1490,746433.5625,3136221.5,-0.346
1491,746385.375,3146389.25,2
1492,746433.5625,3145096.5,0.93
1493,746470.1875,3144062.5,0.1
1494,746703.5625,3146853.75,1.994
1495,747016.1875,3137286.25,-1.718
1496,746740,3145850.25,2
1497,746937.625,3138625.75,-2
1498,746981.875,3143030.25,-1.959
1499,746991.125,3146444.75,2.37
1500,747083.625,3144651,1.422
1501,747194.5,3145340.25,-3.9
1502,747494.875,3141882,-1.612
1503,747278.625,3146035.5,2.254
1504,747354.5,3136361.5,0.494
1505,747473.5,3143946.5,-1.714
1506,747698.5625,3137907,-1.829
1507,747785.0625,3145599.25,-0.449
1508,747846.3125,3144808.75,-0.733
1509,748147.75,3140735.75,1.155
1510,747808.0625,3146138.75,1.819
1511,747922.125,3137188.25,-1.19
1512,747756.125,3139637.75,-0.72
1513,748196.125,3143067,-1.97
1514,748260.875,3146350.75,1.861
1515,748267,3136532,0.179
1516,748268.0625,3146760,2.543
1517,748187,3145885.75,-3.913
1518,748263.0625,3144060.25,-2
1519,748281.9375,3138633,-1.356
1520,748335.125,3137801,-1.361
1521,748789.3125,3141891.75,-0.714
1522,748395.6875,3145386.5,-0.074
1523,748742.4375,3146500,1.07
1524,748715.3125,3146983.5,2.212
1525,748749.3125,3136663.75,1.593
1526,748685.25,3145953.75,1.343
1527,748728.875,3144677.75,-1.527
1528,748861.4375,3137242.25,-0.822
1529,748860.3125,3139712.75,-0.616
1530,749299.8125,3142857.25,-0.947
1531,748911.5,3138034.25,-1.143
1532,749141.1875,3146746.75,1.587
1533,749070.4375,3143800.75,-1.803
1534,749474.25,3138713,-0.96
1535,749141.6875,3145393.5,-1.028
1536,749314.5,3147392.5,2.014
1537,749331.0625,3136849.5,0.837
1538,749433,3140808.5,-0.5
1539,749384,3146205.25,1.241
1540,749753.875,3146971.5,1.671
1541,749716.625,3147706,2.449
1542,749656.1875,3144616.5,-1.24
1543,749604.75,3137781.75,-0.817
1544,749770.5625,3137087.75,0.92
1545,750164.5,3142000,1.416
1546,750000.125,3145521.5,-1
1547,750278.6875,3143526.5,-0.508
1548,750069,3139748.5,-0.524
1549,750223.25,3146350.25,-0.989
1550,750093.75,3147381.75,1.964
1551,750338.0625,3138899.75,-0.618
1552,750403.875,3147018.5,0.188
1553,750254.1875,3138180.5,-0.647
1554,750356.625,3137432.5,0.181
1555,750544.5,3147598,2.712
1556,750567.1875,3140762.5,-0.5
1557,750717.3125,3144778.5,-0.891
1558,750919.5,3146598.75,-0.726
1559,750761.5,3137725.75,-0.002
1560,750989.875,3138530.75,-0.5
1561,750878.3125,3145785.5,-0.775
1562,750888.4375,3147211,1.498
1563,750907.0625,3140018.25,-0.5
1564,750995.3125,3147814.25,2.081
1565,751417.375,3142674,-0.383
1566,750903.0625,3139325.5,-0.461
1567,751625.0625,3143958.25,-0.998
1568,751339.75,3138139.5,0.567
1569,751366.1875,3141480.25,1.416
1570,751446.125,3148030.5,1.986
1571,751544.125,3146202,-0.496
1572,751865.5625,3145262.25,-0.5
1573,751579,3147025.75,-0.939
1574,751532.4375,3139736,0.569
1575,751463.5625,3140518.75,-0.5
1576,751581.9375,3139020,-0.5
1577,751750.5,3138424.5,0.486
1578,751794.4375,3147726,1.853
1579,751896.9375,3148247,2.029
1580,752360.0625,3141950.25,1.416
1581,752161.25,3138709.75,1.092
1582,752154.75,3139394,-0.5
1583,752432.8125,3147290,-1
1584,752224.5,3140976.25,-0.06
1585,752478.3125,3146337.75,0.894
1586,752184.125,3140139,0.465
1587,752416.4375,3147948.5,1.794
1588,752347.75,3148463.25,2.154
1589,752637.25,3139037.25,0.462
1590,752761.75,3144380,-0.998
1591,752709.875,3143128.25,0.497
1592,752798.5625,3148679.5,1.674
1593,752897.8125,3140486.5,0.526
1594,752831.625,3139722.25,-0.5
1595,752988.9375,3147675.25,-0.771
1596,753075.375,3141283,-0.128
1597,753054.1875,3145393.75,1.412
1598,753056.4375,3139309.75,0.68
1599,753367,3142159.5,0.576
1600,753037.75,3148290,-0.411
1601,753339.8125,3147026,1.108
1602,753532.8125,3146164.25,-0.92
1603,753249.375,3148895.75,1.795
1604,753415.1875,3140107.25,0.695
1605,753702.9375,3144714.5,1.456
1606,753475.6875,3139582.25,1.355
1607,753612.875,3143823.25,0.232
1608,753717.875,3147822,0.1
1609,753825,3142952.25,0.634
1610,753745.375,3148546.25,-0.333
1611,753700.1875,3149112,1.435
1612,753656.25,3140691.5,1.407
1613,754088.875,3146639,-0.295
1614,753983.75,3145504.25,1.416
1615,754139.25,3147253.75,1.416
1616,754284.75,3142210,1.072
1617,754150.9375,3149328.25,1.396
1618,753946.8125,3141433.5,0.468
1619,754320.5625,3144238.75,-0.998
1620,754251.75,3146085.5,1.416
1621,754214.5,3140053.5,-0.5
1622,754374.375,3148236,1.418
1623,754357.125,3143525.5,-0.521
1624,754399.4375,3147726.5,1.416
1625,754387.625,3140785.5,-0.021
1626,754392.75,3148921.75,-3.937
1627,754618.5,3142867.25,-0.5
1628,754484.5625,3144947.25,-0.374
1629,754492.625,3146903.25,-0.829
1630,754639.0625,3140317.75,-0.5
1631,754777.0625,3146400.75,-0.501
1632,754783.6875,3143973,-1.111
1633,754796.875,3147406,-0.613
1634,754876.25,3145719.25,-1.043
1635,754909.8125,3141472,0.488
1636,754922.5625,3149073,-0.506
1637,754959.5,3140745.25,0.713
1638,754968.875,3147915.25,-0.506
1639,754982.125,3143298.5,-0.468
1640,754982.125,3144449.25,-0.662
1641,755021.8125,3148484.25,-0.5
1642,755041.5625,3142375,0.694
1643,755041.625,3145057.75,-0.676
1644,755220.25,3142842,-0.405
